,Articles / class,Split (%),Train data / class,Test data / class,Amount of words,RemoveUnfrequent,Unfrequency,RemoveTopFrequents,UseStemmer,StartingArticleIndex,FinanceSucces,FinanceSucces (%),SportsSucces,SportsSucces (%),TechnologySucces,TechnologySucces (%),EntertainmentSucces,EntertainmentSucces (%),Total Succes (%),Total succes (%) with point,,
0,20.0,80.0,16.0,4.0,4933,0.0,1.0,0.0,0.0,0.0,"4,00",100,2,50,0,0,4,100,"62,5",62.5,"62.5,37.5,56.25,50,50,50,50,37.5,37.5,43.75,37.5,43.75,56.25,50,62.5,31.25,50,37.5,68.75,62.5","189,0625"
1,20.0,80.0,16.0,4.0,5371,0.0,1.0,0.0,0.0,20.0,"1,00",25,4,100,0,0,1,25,"37,5",37.5,,"126,5625"
2,20.0,80.0,16.0,4.0,4393,0.0,1.0,0.0,0.0,40.0,"1,00",25,4,100,1,25,3,75,"56,25",56.25,,"56,25"
3,20.0,80.0,16.0,4.0,5305,0.0,1.0,0.0,0.0,60.0,"0,00",0,4,100,3,75,1,25,50,50,,"1,5625"
4,20.0,80.0,16.0,4.0,4169,0.0,1.0,0.0,0.0,80.0,"3,00",75,4,100,0,0,1,25,50,50,,"1,5625"
5,20.0,80.0,16.0,4.0,5856,0.0,1.0,0.0,0.0,100.0,"2,00",50,4,100,2,50,0,0,50,50,,"1,5625"
6,20.0,80.0,16.0,4.0,4943,0.0,1.0,0.0,0.0,120.0,"3,00",75,4,100,1,25,0,0,50,50,,"1,5625"
7,20.0,80.0,16.0,4.0,5337,0.0,1.0,0.0,0.0,140.0,"0,00",0,4,100,0,0,2,50,"37,5",37.5,,"126,5625"
8,20.0,80.0,16.0,4.0,5368,0.0,1.0,0.0,0.0,160.0,"0,00",0,4,100,2,50,0,0,"37,5",37.5,,"126,5625"
9,20.0,80.0,16.0,4.0,4831,0.0,1.0,0.0,0.0,180.0,"0,00",0,2,50,3,75,2,50,"43,75",43.75,,25
10,20.0,80.0,16.0,4.0,6081,0.0,1.0,0.0,0.0,200.0,"2,00",50,4,100,0,0,0,0,"37,5",37.5,,"126,5625"
11,20.0,80.0,16.0,4.0,5294,0.0,1.0,0.0,0.0,220.0,"2,00",50,4,100,0,0,1,25,"43,75",43.75,,25
12,20.0,80.0,16.0,4.0,5478,0.0,1.0,0.0,0.0,240.0,"2,00",50,3,75,4,100,0,0,"56,25",56.25,,"56,25"
13,20.0,80.0,16.0,4.0,5483,0.0,1.0,0.0,0.0,260.0,"0,00",0,4,100,3,75,1,25,50,50,,"1,5625"
14,20.0,80.0,16.0,4.0,5336,0.0,1.0,0.0,0.0,280.0,"4,00",100,3,75,0,0,3,75,"62,5",62.5,,"189,0625"
15,20.0,80.0,16.0,4.0,4520,0.0,1.0,0.0,0.0,300.0,"1,00",25,4,100,0,0,0,0,"31,25",31.25,,"306,25"
16,20.0,80.0,16.0,4.0,5367,0.0,1.0,0.0,0.0,320.0,"2,00",50,4,100,1,25,1,25,50,50,,"1,5625"
17,20.0,80.0,16.0,4.0,6036,0.0,1.0,0.0,0.0,340.0,"2,00",50,4,100,0,0,0,0,"37,5",37.5,,"126,5625"
18,20.0,80.0,16.0,4.0,5313,0.0,1.0,0.0,0.0,360.0,"3,00",75,4,100,2,50,2,50,"68,75",68.75,,400
19,20.0,80.0,16.0,4.0,5284,0.0,1.0,0.0,0.0,380.0,"3,00",75,1,25,4,100,2,50,"62,5",62.5,"10,19344152","189,0625"
20,20.0,80.0,16.0,4.0,"5234,9",5234.9,,,,,"1,75","43,75","3,55","88,75","1,3","32,5","1,2",30,"48,75",48.75,,
21,20.0,80.0,16.0,4.0,3757,0.0,1.0,0.0,1.0,0.0,3,75,2,50,1,25,4,100,"62,5",62.5,"62.5,43.75,62.5,50,50,56.25,43.75,37.5,37.5,50,37.5,50,56.25,43.75,68.75,43.75,56.25,37.5,68.75,56.25","141,015625"
22,20.0,80.0,16.0,4.0,4068,0.0,1.0,0.0,1.0,20.0,1,25,4,100,1,25,1,25,"43,75",43.75,,"47,265625"
23,20.0,80.0,16.0,4.0,3347,0.0,1.0,0.0,1.0,40.0,1,25,4,100,2,50,3,75,"62,5",62.5,,"141,015625"
24,20.0,80.0,16.0,4.0,3910,0.0,1.0,0.0,1.0,60.0,0,0,4,100,3,75,1,25,50,50,,"0,390625"
25,20.0,80.0,16.0,4.0,3254,0.0,1.0,0.0,1.0,80.0,3,75,4,100,0,0,1,25,50,50,,"0,390625"
26,20.0,80.0,16.0,4.0,4354,0.0,1.0,0.0,1.0,100.0,3,75,4,100,2,50,0,0,"56,25",56.25,,"31,640625"
27,20.0,80.0,16.0,4.0,3737,0.0,1.0,0.0,1.0,120.0,2,50,4,100,1,25,0,0,"43,75",43.75,,"47,265625"
28,20.0,80.0,16.0,4.0,3985,0.0,1.0,0.0,1.0,140.0,0,0,4,100,0,0,2,50,"37,5",37.5,,"172,265625"
29,20.0,80.0,16.0,4.0,4015,0.0,1.0,0.0,1.0,160.0,0,0,4,100,2,50,0,0,"37,5",37.5,,"172,265625"
30,20.0,80.0,16.0,4.0,3669,0.0,1.0,0.0,1.0,180.0,0,0,2,50,4,100,2,50,50,50,,"0,390625"
31,20.0,80.0,16.0,4.0,4594,0.0,1.0,0.0,1.0,200.0,2,50,4,100,0,0,0,0,"37,5",37.5,,"172,265625"
32,20.0,80.0,16.0,4.0,4023,0.0,1.0,0.0,1.0,220.0,2,50,4,100,1,25,1,25,50,50,,"0,390625"
33,20.0,80.0,16.0,4.0,4192,0.0,1.0,0.0,1.0,240.0,3,75,2,50,4,100,0,0,"56,25",56.25,,"31,640625"
34,20.0,80.0,16.0,4.0,4150,0.0,1.0,0.0,1.0,260.0,0,0,4,100,2,50,1,25,"43,75",43.75,,"47,265625"
35,20.0,80.0,16.0,4.0,4012,0.0,1.0,0.0,1.0,280.0,4,100,3,75,1,25,3,75,"68,75",68.75,,"328,515625"
36,20.0,80.0,16.0,4.0,3532,0.0,1.0,0.0,1.0,300.0,2,50,4,100,1,25,0,0,"43,75",43.75,,"47,265625"
37,20.0,80.0,16.0,4.0,4152,0.0,1.0,0.0,1.0,320.0,2,50,4,100,2,50,1,25,"56,25",56.25,,"31,640625"
38,20.0,80.0,16.0,4.0,4554,0.0,1.0,0.0,1.0,340.0,2,50,3,75,0,0,1,25,"37,5",37.5,,"172,265625"
39,20.0,80.0,16.0,4.0,3994,0.0,1.0,0.0,1.0,360.0,3,75,4,100,2,50,2,50,"68,75",68.75,,"328,515625"
40,20.0,80.0,16.0,4.0,3971,0.0,1.0,0.0,1.0,380.0,3,75,1,25,3,75,2,50,"56,25",56.25,"9,862333649","31,640625"
41,20.0,80.0,16.0,4.0,"3963,5",3963.5,,,,,"1,8",45,"3,45","86,25","1,6",40,"1,25","31,25","50,625",50.625,,
42,20.0,80.0,16.0,4.0,1688,1.0,1.0,0.0,0.0,0.0,2,50,1,25,0,0,4,100,"43,75",43.75,"43.75,37.5,50,43.75,43.75,43.75,50,37.5,37.5,37.5,37.5,50,62.5,43.75,68.75,31.25,56.25,43.75,62.5,50","7,91015625"
43,20.0,80.0,16.0,4.0,1842,1.0,1.0,0.0,0.0,20.0,1,25,4,100,0,0,1,25,"37,5",37.5,,"82,12890625"
44,20.0,80.0,16.0,4.0,1492,1.0,1.0,0.0,0.0,40.0,1,25,4,100,0,0,3,75,50,50,,"11,81640625"
45,20.0,80.0,16.0,4.0,1935,1.0,1.0,0.0,0.0,60.0,0,0,4,100,3,75,0,0,"43,75",43.75,,"7,91015625"
46,20.0,80.0,16.0,4.0,1427,1.0,1.0,0.0,0.0,80.0,2,50,4,100,0,0,1,25,"43,75",43.75,,"7,91015625"
47,20.0,80.0,16.0,4.0,2075,1.0,1.0,0.0,0.0,100.0,2,50,4,100,1,25,0,0,"43,75",43.75,,"7,91015625"
48,20.0,80.0,16.0,4.0,1647,1.0,1.0,0.0,0.0,120.0,3,75,4,100,1,25,0,0,50,50,,"11,81640625"
49,20.0,80.0,16.0,4.0,1724,1.0,1.0,0.0,0.0,140.0,0,0,4,100,0,0,2,50,"37,5",37.5,,"82,12890625"
50,20.0,80.0,16.0,4.0,1901,1.0,1.0,0.0,0.0,160.0,0,0,4,100,2,50,0,0,"37,5",37.5,,"82,12890625"
51,20.0,80.0,16.0,4.0,1665,1.0,1.0,0.0,0.0,180.0,0,0,2,50,2,50,2,50,"37,5",37.5,,"82,12890625"
52,20.0,80.0,16.0,4.0,2508,1.0,1.0,0.0,0.0,200.0,2,50,4,100,0,0,0,0,"37,5",37.5,,"82,12890625"
53,20.0,80.0,16.0,4.0,1755,1.0,1.0,0.0,0.0,220.0,2,50,4,100,0,0,2,50,50,50,,"11,81640625"
54,20.0,80.0,16.0,4.0,1832,1.0,1.0,0.0,0.0,240.0,2,50,4,100,4,100,0,0,"62,5",62.5,,"254,0039063"
55,20.0,80.0,16.0,4.0,1910,1.0,1.0,0.0,0.0,260.0,0,0,4,100,2,50,1,25,"43,75",43.75,,"7,91015625"
56,20.0,80.0,16.0,4.0,1783,1.0,1.0,0.0,0.0,280.0,4,100,3,75,1,25,3,75,"68,75",68.75,,"492,2851563"
57,20.0,80.0,16.0,4.0,1502,1.0,1.0,0.0,0.0,300.0,1,25,4,100,0,0,0,0,"31,25",31.25,,"234,4726563"
58,20.0,80.0,16.0,4.0,1778,1.0,1.0,0.0,0.0,320.0,3,75,4,100,2,50,0,0,"56,25",56.25,,"93,84765625"
59,20.0,80.0,16.0,4.0,2092,1.0,1.0,0.0,0.0,340.0,3,75,4,100,0,0,0,0,"43,75",43.75,,"7,91015625"
60,20.0,80.0,16.0,4.0,1810,1.0,1.0,0.0,0.0,360.0,2,50,4,100,2,50,2,50,"62,5",62.5,,"254,0039063"
61,20.0,80.0,16.0,4.0,1816,1.0,1.0,0.0,0.0,380.0,2,50,0,0,3,75,3,75,50,50,"9,575970904","11,81640625"
62,20.0,80.0,16.0,4.0,"1809,1",1809.1,,,,,"1,6",40,"3,5","87,5","1,15","28,75","1,2",30,"46,5625",46.5625,,
63,20.0,80.0,16.0,4.0,1492,1.0,1.0,0.0,1.0,0.0,4,100,2,50,1,25,4,100,"68,75",68.75,"68.75,43.75,56.25,56.25,50,56.25,43.75,37.5,37.5,37.5,37.5,50,62.5,43.75,68.75,43.75,50,31.25,68.75,56.25","351,5625"
64,20.0,80.0,16.0,4.0,1651,1.0,1.0,0.0,1.0,20.0,1,25,4,100,1,25,1,25,"43,75",43.75,,"39,0625"
65,20.0,80.0,16.0,4.0,1364,1.0,1.0,0.0,1.0,40.0,1,25,4,100,2,50,2,50,"56,25",56.25,,"39,0625"
66,20.0,80.0,16.0,4.0,1663,1.0,1.0,0.0,1.0,60.0,1,25,4,100,3,75,1,25,"56,25",56.25,,"39,0625"
67,20.0,80.0,16.0,4.0,1324,1.0,1.0,0.0,1.0,80.0,3,75,4,100,0,0,1,25,50,50,,0
68,20.0,80.0,16.0,4.0,1784,1.0,1.0,0.0,1.0,100.0,3,75,4,100,2,50,0,0,"56,25",56.25,,"39,0625"
69,20.0,80.0,16.0,4.0,1482,1.0,1.0,0.0,1.0,120.0,2,50,4,100,1,25,0,0,"43,75",43.75,,"39,0625"
70,20.0,80.0,16.0,4.0,1551,1.0,1.0,0.0,1.0,140.0,0,0,4,100,0,0,2,50,"37,5",37.5,,"156,25"
71,20.0,80.0,16.0,4.0,1654,1.0,1.0,0.0,1.0,160.0,0,0,4,100,2,50,0,0,"37,5",37.5,,"156,25"
72,20.0,80.0,16.0,4.0,1505,1.0,1.0,0.0,1.0,180.0,0,0,2,50,2,50,2,50,"37,5",37.5,,"156,25"
73,20.0,80.0,16.0,4.0,2174,1.0,1.0,0.0,1.0,200.0,2,50,4,100,0,0,0,0,"37,5",37.5,,"156,25"
74,20.0,80.0,16.0,4.0,1570,1.0,1.0,0.0,1.0,220.0,2,50,4,100,0,0,2,50,50,50,,0
75,20.0,80.0,16.0,4.0,1682,1.0,1.0,0.0,1.0,240.0,3,75,2,50,4,100,1,25,"62,5",62.5,,"156,25"
76,20.0,80.0,16.0,4.0,1691,1.0,1.0,0.0,1.0,260.0,0,0,4,100,2,50,1,25,"43,75",43.75,,"39,0625"
77,20.0,80.0,16.0,4.0,1612,1.0,1.0,0.0,1.0,280.0,4,100,3,75,1,25,3,75,"68,75",68.75,,"351,5625"
78,20.0,80.0,16.0,4.0,1369,1.0,1.0,0.0,1.0,300.0,2,50,4,100,1,25,0,0,"43,75",43.75,,"39,0625"
79,20.0,80.0,16.0,4.0,1614,1.0,1.0,0.0,1.0,320.0,2,50,4,100,2,50,0,0,50,50,,0
80,20.0,80.0,16.0,4.0,1871,1.0,1.0,0.0,1.0,340.0,1,25,3,75,0,0,1,25,"31,25",31.25,,"351,5625"
81,20.0,80.0,16.0,4.0,1607,1.0,1.0,0.0,1.0,360.0,3,75,4,100,2,50,2,50,"68,75",68.75,,"351,5625"
82,20.0,80.0,16.0,4.0,1648,1.0,1.0,0.0,1.0,380.0,2,50,1,25,3,75,3,75,"56,25",56.25,"11,18033989","39,0625"
83,20.0,80.0,16.0,4.0,"1615,4",1615.4,,,,,"1,8",45,"3,45","86,25","1,45","36,25","1,3","32,5",50,50,,
84,50.0,80.0,40.0,10.0,9218,0.0,1.0,0.0,0.0,0.0,6,60,10,100,4,40,3,30,"57,5",57.5,"57.5,37.5,57.5,37.5,67.5,65,67.5,62.5,57.5,45,55,60,47.5,45,55,62.5,52.5,52.5,50,70","5,0625"
85,50.0,80.0,40.0,10.0,8586,0.0,1.0,0.0,0.0,50.0,4,40,9,90,1,10,1,10,"37,5",37.5,,"315,0625"
86,50.0,80.0,40.0,10.0,9499,0.0,1.0,0.0,0.0,100.0,6,60,10,100,5,50,2,20,"57,5",57.5,,"5,0625"
87,50.0,80.0,40.0,10.0,8972,0.0,1.0,0.0,0.0,150.0,1,10,9,90,5,50,0,0,"37,5",37.5,,"315,0625"
88,50.0,80.0,40.0,10.0,9827,0.0,1.0,0.0,0.0,200.0,8,80,10,100,7,70,2,20,"67,5",67.5,,"150,0625"
89,50.0,80.0,40.0,10.0,9331,0.0,1.0,0.0,0.0,250.0,5,50,9,90,5,50,7,70,65,65,,"95,0625"
90,50.0,80.0,40.0,10.0,8687,0.0,1.0,0.0,0.0,300.0,6,60,10,100,7,70,4,40,"67,5",67.5,,"150,0625"
91,50.0,80.0,40.0,10.0,9444,0.0,1.0,0.0,0.0,350.0,5,50,10,100,5,50,5,50,"62,5",62.5,,"52,5625"
92,50.0,80.0,40.0,10.0,9068,0.0,1.0,0.0,0.0,400.0,5,50,10,100,5,50,3,30,"57,5",57.5,,"5,0625"
93,50.0,80.0,40.0,10.0,9043,0.0,1.0,0.0,0.0,450.0,3,30,10,100,3,30,2,20,45,45,,"105,0625"
94,50.0,80.0,40.0,10.0,9678,0.0,1.0,0.0,0.0,500.0,5,50,10,100,6,60,1,10,55,55,,"0,0625"
95,50.0,80.0,40.0,10.0,9511,0.0,1.0,0.0,0.0,550.0,4,40,9,90,8,80,3,30,60,60,,"22,5625"
96,50.0,80.0,40.0,10.0,9336,0.0,1.0,0.0,0.0,600.0,3,30,8,80,5,50,3,30,"47,5",47.5,,"60,0625"
97,50.0,80.0,40.0,10.0,9380,0.0,1.0,0.0,0.0,650.0,4,40,9,90,3,30,2,20,45,45,,"105,0625"
98,50.0,80.0,40.0,10.0,9436,0.0,1.0,0.0,0.0,700.0,2,20,9,90,6,60,5,50,55,55,,"0,0625"
99,50.0,80.0,40.0,10.0,9615,0.0,1.0,0.0,0.0,750.0,7,70,9,90,6,60,3,30,"62,5",62.5,,"52,5625"
100,50.0,80.0,40.0,10.0,9237,0.0,1.0,0.0,0.0,800.0,4,40,10,100,6,60,1,10,"52,5",52.5,,"7,5625"
101,50.0,80.0,40.0,10.0,10337,0.0,1.0,0.0,0.0,850.0,7,70,9,90,2,20,3,30,"52,5",52.5,,"7,5625"
102,50.0,80.0,40.0,10.0,8879,0.0,1.0,0.0,0.0,900.0,5,50,10,100,1,10,4,40,50,50,,"27,5625"
103,50.0,80.0,40.0,10.0,9687,0.0,1.0,0.0,0.0,950.0,6,60,6,60,6,60,10,100,70,70,"9,216154296","217,5625"
104,50.0,80.0,40.0,10.0,"9338,55",9338.55,,,,,"4,8",48,"9,3",93,"4,8",48,"3,2",32,"55,25",55.25,,
105,50.0,80.0,40.0,10.0,6686,0.0,1.0,0.0,1.0,0.0,8,80,9,90,4,40,4,40,"62,5",62.5,"62.5,42.5,62.5,47.5,70,65,65,75,57.5,55,57.5,62.5,55,60,52.5,65,60,55,60,70","6,25"
106,50.0,80.0,40.0,10.0,6210,0.0,1.0,0.0,1.0,50.0,5,50,9,90,1,10,2,20,"42,5",42.5,,"306,25"
107,50.0,80.0,40.0,10.0,6880,0.0,1.0,0.0,1.0,100.0,7,70,10,100,6,60,2,20,"62,5",62.5,,"6,25"
108,50.0,80.0,40.0,10.0,6513,0.0,1.0,0.0,1.0,150.0,3,30,9,90,5,50,2,20,"47,5",47.5,,"156,25"
109,50.0,80.0,40.0,10.0,7114,0.0,1.0,0.0,1.0,200.0,9,90,10,100,7,70,2,20,70,70,,100
110,50.0,80.0,40.0,10.0,6806,0.0,1.0,0.0,1.0,250.0,5,50,9,90,5,50,7,70,65,65,,25
111,50.0,80.0,40.0,10.0,6468,0.0,1.0,0.0,1.0,300.0,7,70,8,80,7,70,4,40,65,65,,25
112,50.0,80.0,40.0,10.0,6844,0.0,1.0,0.0,1.0,350.0,7,70,10,100,7,70,6,60,75,75,,225
113,50.0,80.0,40.0,10.0,6564,0.0,1.0,0.0,1.0,400.0,5,50,10,100,5,50,3,30,"57,5",57.5,,"6,25"
114,50.0,80.0,40.0,10.0,6542,0.0,1.0,0.0,1.0,450.0,4,40,10,100,4,40,4,40,55,55,,25
115,50.0,80.0,40.0,10.0,7042,0.0,1.0,0.0,1.0,500.0,6,60,10,100,6,60,1,10,"57,5",57.5,,"6,25"
116,50.0,80.0,40.0,10.0,6897,0.0,1.0,0.0,1.0,550.0,5,50,9,90,8,80,3,30,"62,5",62.5,,"6,25"
117,50.0,80.0,40.0,10.0,6710,0.0,1.0,0.0,1.0,600.0,6,60,8,80,5,50,3,30,55,55,,25
118,50.0,80.0,40.0,10.0,6809,0.0,1.0,0.0,1.0,650.0,5,50,9,90,7,70,3,30,60,60,,0
119,50.0,80.0,40.0,10.0,6779,0.0,1.0,0.0,1.0,700.0,2,20,8,80,6,60,5,50,"52,5",52.5,,"56,25"
120,50.0,80.0,40.0,10.0,6991,0.0,1.0,0.0,1.0,750.0,8,80,9,90,6,60,3,30,65,65,,25
121,50.0,80.0,40.0,10.0,6635,0.0,1.0,0.0,1.0,800.0,5,50,10,100,6,60,3,30,60,60,,0
122,50.0,80.0,40.0,10.0,7439,0.0,1.0,0.0,1.0,850.0,8,80,9,90,2,20,3,30,55,55,,25
123,50.0,80.0,40.0,10.0,6444,0.0,1.0,0.0,1.0,900.0,5,50,10,100,2,20,7,70,60,60,,0
124,50.0,80.0,40.0,10.0,6993,0.0,1.0,0.0,1.0,950.0,6,60,6,60,6,60,10,100,70,70,"7,5",100
125,50.0,80.0,40.0,10.0,"6768,3",6768.3,,,,,"5,8",58,"9,1",91,"5,25","52,5","3,85","38,5",60,60,,
126,50.0,80.0,40.0,10.0,3882,1.0,1.0,0.0,0.0,0.0,5,50,9,90,4,40,3,30,"52,5",52.5,"52.5,40,57.5,47.5,67.5,62.5,62.5,67.5,55,47.5,55,50,45,47.5,45,65,52.5,52.5,50,65","3,515625"
127,50.0,80.0,40.0,10.0,3495,1.0,1.0,0.0,0.0,50.0,4,40,9,90,1,10,2,20,40,40,,"206,640625"
128,50.0,80.0,40.0,10.0,3771,1.0,1.0,0.0,0.0,100.0,6,60,10,100,4,40,3,30,"57,5",57.5,,"9,765625"
129,50.0,80.0,40.0,10.0,3734,1.0,1.0,0.0,0.0,150.0,2,20,9,90,6,60,2,20,"47,5",47.5,,"47,265625"
130,50.0,80.0,40.0,10.0,4308,1.0,1.0,0.0,0.0,200.0,8,80,10,100,7,70,2,20,"67,5",67.5,,"172,265625"
131,50.0,80.0,40.0,10.0,3773,1.0,1.0,0.0,0.0,250.0,5,50,9,90,4,40,7,70,"62,5",62.5,,"66,015625"
132,50.0,80.0,40.0,10.0,3509,1.0,1.0,0.0,0.0,300.0,6,60,8,80,7,70,4,40,"62,5",62.5,,"66,015625"
133,50.0,80.0,40.0,10.0,3909,1.0,1.0,0.0,0.0,350.0,5,50,10,100,6,60,6,60,"67,5",67.5,,"172,265625"
134,50.0,80.0,40.0,10.0,3883,1.0,1.0,0.0,0.0,400.0,4,40,10,100,5,50,3,30,55,55,,"0,390625"
135,50.0,80.0,40.0,10.0,3516,1.0,1.0,0.0,0.0,450.0,3,30,10,100,3,30,3,30,"47,5",47.5,,"47,265625"
136,50.0,80.0,40.0,10.0,3840,1.0,1.0,0.0,0.0,500.0,5,50,10,100,6,60,1,10,55,55,,"0,390625"
137,50.0,80.0,40.0,10.0,3943,1.0,1.0,0.0,0.0,550.0,3,30,8,80,6,60,3,30,50,50,,"19,140625"
138,50.0,80.0,40.0,10.0,3784,1.0,1.0,0.0,0.0,600.0,3,30,8,80,5,50,2,20,45,45,,"87,890625"
139,50.0,80.0,40.0,10.0,3816,1.0,1.0,0.0,0.0,650.0,4,40,9,90,3,30,3,30,"47,5",47.5,,"47,265625"
140,50.0,80.0,40.0,10.0,3852,1.0,1.0,0.0,0.0,700.0,2,20,9,90,4,40,3,30,45,45,,"87,890625"
141,50.0,80.0,40.0,10.0,3751,1.0,1.0,0.0,0.0,750.0,7,70,9,90,7,70,3,30,65,65,,"112,890625"
142,50.0,80.0,40.0,10.0,3956,1.0,1.0,0.0,0.0,800.0,4,40,10,100,6,60,1,10,"52,5",52.5,,"3,515625"
143,50.0,80.0,40.0,10.0,4232,1.0,1.0,0.0,0.0,850.0,6,60,10,100,2,20,3,30,"52,5",52.5,,"3,515625"
144,50.0,80.0,40.0,10.0,3784,1.0,1.0,0.0,0.0,900.0,4,40,10,100,1,10,5,50,50,50,,"19,140625"
145,50.0,80.0,40.0,10.0,4209,1.0,1.0,0.0,0.0,950.0,4,40,7,70,5,50,10,100,65,65,"8,01853322","112,890625"
146,50.0,80.0,40.0,10.0,"3847,35",3847.35,,,,,"4,5",45,"9,2",92,"4,6",46,"3,45","34,5","54,375",54.375,,
147,50.0,80.0,40.0,10.0,3066,1.0,1.0,0.0,1.0,0.0,5,50,9,90,4,40,5,50,"57,5",57.5,"57.5,40,55,45,67.5,62.5,65,70,60,50,60,55,50,57.5,50,70,55,52.5,57.5,72.5","0,015625"
148,50.0,80.0,40.0,10.0,2765,1.0,1.0,0.0,1.0,50.0,3,30,9,90,1,10,3,30,40,40,,"310,640625"
149,50.0,80.0,40.0,10.0,2946,1.0,1.0,0.0,1.0,100.0,6,60,10,100,4,40,2,20,55,55,,"6,890625"
150,50.0,80.0,40.0,10.0,2927,1.0,1.0,0.0,1.0,150.0,1,10,9,90,6,60,2,20,45,45,,"159,390625"
151,50.0,80.0,40.0,10.0,3428,1.0,1.0,0.0,1.0,200.0,8,80,10,100,7,70,2,20,"67,5",67.5,,"97,515625"
152,50.0,80.0,40.0,10.0,3001,1.0,1.0,0.0,1.0,250.0,5,50,9,90,4,40,7,70,"62,5",62.5,,"23,765625"
153,50.0,80.0,40.0,10.0,2813,1.0,1.0,0.0,1.0,300.0,6,60,8,80,7,70,5,50,65,65,,"54,390625"
154,50.0,80.0,40.0,10.0,3089,1.0,1.0,0.0,1.0,350.0,7,70,8,80,6,60,7,70,70,70,,"153,140625"
155,50.0,80.0,40.0,10.0,3063,1.0,1.0,0.0,1.0,400.0,6,60,10,100,5,50,3,30,60,60,,"5,640625"
156,50.0,80.0,40.0,10.0,2830,1.0,1.0,0.0,1.0,450.0,3,30,10,100,5,50,2,20,50,50,,"58,140625"
157,50.0,80.0,40.0,10.0,3060,1.0,1.0,0.0,1.0,500.0,5,50,10,100,8,80,1,10,60,60,,"5,640625"
158,50.0,80.0,40.0,10.0,3055,1.0,1.0,0.0,1.0,550.0,3,30,8,80,7,70,4,40,55,55,,"6,890625"
159,50.0,80.0,40.0,10.0,3002,1.0,1.0,0.0,1.0,600.0,5,50,8,80,5,50,2,20,50,50,,"58,140625"
160,50.0,80.0,40.0,10.0,3030,1.0,1.0,0.0,1.0,650.0,5,50,9,90,6,60,3,30,"57,5",57.5,,"0,015625"
161,50.0,80.0,40.0,10.0,3031,1.0,1.0,0.0,1.0,700.0,2,20,8,80,5,50,5,50,50,50,,"58,140625"
162,50.0,80.0,40.0,10.0,3020,1.0,1.0,0.0,1.0,750.0,8,80,9,90,7,70,4,40,70,70,,"153,140625"
163,50.0,80.0,40.0,10.0,3078,1.0,1.0,0.0,1.0,800.0,4,40,10,100,6,60,2,20,55,55,,"6,890625"
164,50.0,80.0,40.0,10.0,3273,1.0,1.0,0.0,1.0,850.0,7,70,9,90,2,20,3,30,"52,5",52.5,,"26,265625"
165,50.0,80.0,40.0,10.0,3008,1.0,1.0,0.0,1.0,900.0,5,50,10,100,1,10,7,70,"57,5",57.5,,"0,015625"
166,50.0,80.0,40.0,10.0,3281,1.0,1.0,0.0,1.0,950.0,6,60,8,80,6,60,9,90,"72,5",72.5,"8,384323169","221,265625"
167,50.0,80.0,40.0,10.0,"3038,3",3038.3,,,,,5,50,"9,05","90,5","5,1",51,"3,9",39,"57,625",57.625,,
168,100.0,80.0,80.0,20.0,13294,0.0,1.0,0.0,0.0,0.0,7,35,19,95,7,35,11,55,55,55,"55,45,63.75,67.5,55,67.5,52.5,68.75,61.25,76.25,65,72.5,65,55,61.25,55,55,66.25,57.5,56.25","36,75390625"
169,100.0,80.0,80.0,20.0,13743,0.0,1.0,0.0,0.0,100.0,10,50,18,90,5,25,3,15,45,45,,"258,0039063"
170,100.0,80.0,80.0,20.0,14296,0.0,1.0,0.0,0.0,200.0,14,70,18,90,12,60,7,35,"63,75",63.75,,"7,22265625"
171,100.0,80.0,80.0,20.0,13904,0.0,1.0,0.0,0.0,300.0,14,70,18,90,9,45,13,65,"67,5",67.5,,"41,44140625"
172,100.0,80.0,80.0,20.0,13326,0.0,1.0,0.0,0.0,400.0,9,45,20,100,9,45,6,30,55,55,,"36,75390625"
173,100.0,80.0,80.0,20.0,14281,0.0,1.0,0.0,0.0,500.0,14,70,19,95,12,60,9,45,"67,5",67.5,,"41,44140625"
174,100.0,80.0,80.0,20.0,14080,0.0,1.0,0.0,0.0,600.0,6,30,19,95,12,60,5,25,"52,5",52.5,,"73,31640625"
175,100.0,80.0,80.0,20.0,14368,0.0,1.0,0.0,0.0,700.0,12,60,19,95,11,55,13,65,"68,75",68.75,,"59,09765625"
176,100.0,80.0,80.0,20.0,14488,0.0,1.0,0.0,0.0,800.0,8,40,18,90,12,60,11,55,"61,25",61.25,,"0,03515625"
177,100.0,80.0,80.0,20.0,12890,0.0,1.0,0.0,0.0,900.0,14,70,20,100,12,60,15,75,"76,25",76.25,,"230,6601563"
178,100.0,80.0,80.0,20.0,14382,0.0,1.0,0.0,0.0,1000.0,14,70,17,85,7,35,14,70,65,65,,"15,50390625"
179,100.0,80.0,80.0,20.0,13614,0.0,1.0,0.0,0.0,1100.0,12,60,11,55,17,85,18,90,"72,5",72.5,,"130,8164063"
180,100.0,80.0,80.0,20.0,13102,0.0,1.0,0.0,0.0,1200.0,13,65,17,85,12,60,10,50,65,65,,"15,50390625"
181,100.0,80.0,80.0,20.0,13885,0.0,1.0,0.0,0.0,1300.0,13,65,19,95,9,45,3,15,55,55,,"36,75390625"
182,100.0,80.0,80.0,20.0,14259,0.0,1.0,0.0,0.0,1400.0,8,40,19,95,13,65,9,45,"61,25",61.25,,"0,03515625"
183,100.0,80.0,80.0,20.0,13999,0.0,1.0,0.0,0.0,1500.0,6,30,14,70,11,55,13,65,55,55,,"36,75390625"
184,100.0,80.0,80.0,20.0,14794,0.0,1.0,0.0,0.0,1600.0,10,50,18,90,12,60,4,20,55,55,,"36,75390625"
185,100.0,80.0,80.0,20.0,14161,0.0,1.0,0.0,0.0,1700.0,10,50,19,95,12,60,12,60,"66,25",66.25,,"26,91015625"
186,100.0,80.0,80.0,20.0,13670,0.0,1.0,0.0,0.0,1800.0,11,55,18,90,9,45,8,40,"57,5",57.5,,"12,69140625"
187,100.0,80.0,80.0,20.0,13587,0.0,1.0,0.0,0.0,1900.0,11,55,18,90,8,40,8,40,"56,25",56.25,"7,482009673","23,16015625"
188,100.0,80.0,80.0,20.0,"13906,15",13906.15,,,,,"10,8",54,"17,9","89,5","10,55","52,75","9,6",48,"61,0625",61.0625,,
189,100.0,80.0,80.0,20.0,9414,0.0,1.0,0.0,1.0,0.0,9,45,19,95,7,35,11,55,"57,5",57.5,"57.5,50,63.75,70,63.75,66.25,57.5,70,62.5,73.75,70,73.75,67.5,52.5,61.25,57.5,62.5,63.75,61.25,63.75","35,25390625"
190,100.0,80.0,80.0,20.0,9749,0.0,1.0,0.0,1.0,100.0,11,55,17,85,7,35,5,25,50,50,,"180,5664062"
191,100.0,80.0,80.0,20.0,10222,0.0,1.0,0.0,1.0,200.0,14,70,18,90,10,50,9,45,"63,75",63.75,,"0,09765625"
192,100.0,80.0,80.0,20.0,10005,0.0,1.0,0.0,1.0,300.0,15,75,17,85,10,50,14,70,70,70,,"43,06640625"
193,100.0,80.0,80.0,20.0,9495,0.0,1.0,0.0,1.0,400.0,12,60,20,100,10,50,9,45,"63,75",63.75,,"0,09765625"
194,100.0,80.0,80.0,20.0,10155,0.0,1.0,0.0,1.0,500.0,14,70,19,95,11,55,9,45,"66,25",66.25,,"7,91015625"
195,100.0,80.0,80.0,20.0,9938,0.0,1.0,0.0,1.0,600.0,9,45,19,95,12,60,6,30,"57,5",57.5,,"35,25390625"
196,100.0,80.0,80.0,20.0,10163,0.0,1.0,0.0,1.0,700.0,11,55,18,90,12,60,15,75,70,70,,"43,06640625"
197,100.0,80.0,80.0,20.0,10310,0.0,1.0,0.0,1.0,800.0,8,40,17,85,13,65,12,60,"62,5",62.5,,"0,87890625"
198,100.0,80.0,80.0,20.0,9162,0.0,1.0,0.0,1.0,900.0,11,55,20,100,13,65,15,75,"73,75",73.75,,"106,3476563"
199,100.0,80.0,80.0,20.0,10131,0.0,1.0,0.0,1.0,1000.0,17,85,15,75,9,45,15,75,70,70,,"43,06640625"
200,100.0,80.0,80.0,20.0,9799,0.0,1.0,0.0,1.0,1100.0,13,65,11,55,17,85,18,90,"73,75",73.75,,"106,3476563"
201,100.0,80.0,80.0,20.0,9294,0.0,1.0,0.0,1.0,1200.0,14,70,17,85,13,65,10,50,"67,5",67.5,,"16,50390625"
202,100.0,80.0,80.0,20.0,9908,0.0,1.0,0.0,1.0,1300.0,11,55,19,95,9,45,3,15,"52,5",52.5,,"119,6289063"
203,100.0,80.0,80.0,20.0,10054,0.0,1.0,0.0,1.0,1400.0,9,45,18,90,13,65,9,45,"61,25",61.25,,"4,78515625"
204,100.0,80.0,80.0,20.0,9928,0.0,1.0,0.0,1.0,1500.0,7,35,16,80,11,55,12,60,"57,5",57.5,,"35,25390625"
205,100.0,80.0,80.0,20.0,10505,0.0,1.0,0.0,1.0,1600.0,10,50,18,90,15,75,7,35,"62,5",62.5,,"0,87890625"
206,100.0,80.0,80.0,20.0,10045,0.0,1.0,0.0,1.0,1700.0,10,50,19,95,12,60,10,50,"63,75",63.75,,"0,09765625"
207,100.0,80.0,80.0,20.0,9697,0.0,1.0,0.0,1.0,1800.0,13,65,18,90,10,50,8,40,"61,25",61.25,,"4,78515625"
208,100.0,80.0,80.0,20.0,9617,0.0,1.0,0.0,1.0,1900.0,13,65,18,90,9,45,11,55,"63,75",63.75,"6,260927946","0,09765625"
209,100.0,80.0,80.0,20.0,"9879,55",9879.55,,,,,"11,55","57,75","17,65","88,25","11,15","55,75","10,4",52,"63,4375",63.4375,,
210,100.0,80.0,80.0,20.0,5988,1.0,1.0,0.0,0.0,0.0,6,30,19,95,7,35,13,65,"56,25",56.25,"56.25,45,62.5,67.5,55,68.75,55,62.5,61.25,70,63.75,70,61.25,51.25,60,53.75,57.5,61.25,57.5,56.25","12,69140625"
211,100.0,80.0,80.0,20.0,6216,1.0,1.0,0.0,0.0,100.0,9,45,18,90,5,25,4,20,45,45,,"219,4101562"
212,100.0,80.0,80.0,20.0,6770,1.0,1.0,0.0,0.0,200.0,13,65,19,95,10,50,8,40,"62,5",62.5,,"7,22265625"
213,100.0,80.0,80.0,20.0,6246,1.0,1.0,0.0,0.0,300.0,15,75,17,85,9,45,13,65,"67,5",67.5,,"59,09765625"
214,100.0,80.0,80.0,20.0,5971,1.0,1.0,0.0,0.0,400.0,10,50,20,100,7,35,7,35,55,55,,"23,16015625"
215,100.0,80.0,80.0,20.0,6292,1.0,1.0,0.0,0.0,500.0,13,65,19,95,12,60,11,55,"68,75",68.75,,"79,87890625"
216,100.0,80.0,80.0,20.0,6266,1.0,1.0,0.0,0.0,600.0,8,40,19,95,12,60,5,25,55,55,,"23,16015625"
217,100.0,80.0,80.0,20.0,6387,1.0,1.0,0.0,0.0,700.0,8,40,19,95,11,55,12,60,"62,5",62.5,,"7,22265625"
218,100.0,80.0,80.0,20.0,6515,1.0,1.0,0.0,0.0,800.0,9,45,18,90,10,50,12,60,"61,25",61.25,,"2,06640625"
219,100.0,80.0,80.0,20.0,6213,1.0,1.0,0.0,0.0,900.0,12,60,20,100,11,55,13,65,70,70,,"103,7851563"
220,100.0,80.0,80.0,20.0,6867,1.0,1.0,0.0,0.0,1000.0,15,75,18,90,6,30,12,60,"63,75",63.75,,"15,50390625"
221,100.0,80.0,80.0,20.0,6222,1.0,1.0,0.0,0.0,1100.0,11,55,10,50,15,75,20,100,70,70,,"103,7851563"
222,100.0,80.0,80.0,20.0,5919,1.0,1.0,0.0,0.0,1200.0,11,55,17,85,10,50,11,55,"61,25",61.25,,"2,06640625"
223,100.0,80.0,80.0,20.0,6423,1.0,1.0,0.0,0.0,1300.0,11,55,19,95,8,40,3,15,"51,25",51.25,,"73,31640625"
224,100.0,80.0,80.0,20.0,6342,1.0,1.0,0.0,0.0,1400.0,8,40,19,95,12,60,9,45,60,60,,"0,03515625"
225,100.0,80.0,80.0,20.0,6585,1.0,1.0,0.0,0.0,1500.0,7,35,15,75,10,50,11,55,"53,75",53.75,,"36,75390625"
226,100.0,80.0,80.0,20.0,6570,1.0,1.0,0.0,0.0,1600.0,11,55,18,90,12,60,5,25,"57,5",57.5,,"5,34765625"
227,100.0,80.0,80.0,20.0,6384,1.0,1.0,0.0,0.0,1700.0,10,50,19,95,8,40,12,60,"61,25",61.25,,"2,06640625"
228,100.0,80.0,80.0,20.0,6236,1.0,1.0,0.0,0.0,1800.0,10,50,18,90,10,50,8,40,"57,5",57.5,,"5,34765625"
229,100.0,80.0,80.0,20.0,5945,1.0,1.0,0.0,0.0,1900.0,10,50,19,95,7,35,9,45,"56,25",56.25,"6,303210987","12,69140625"
230,100.0,80.0,80.0,20.0,"6317,85",6317.85,,,,,"10,35","51,75",18,90,"9,6",48,"9,9","49,5","59,8125",59.8125,,
231,100.0,80.0,80.0,20.0,4397,1.0,1.0,0.0,1.0,0.0,8,40,19,95,8,40,13,65,60,60,"60,45,62.5,67.5,61.25,67.5,56.25,63.75,60,75,67.5,71.25,65,50,58.75,51.25,60,65,61.25,62.5","2,44140625"
232,100.0,80.0,80.0,20.0,4564,1.0,1.0,0.0,1.0,100.0,9,45,17,85,6,30,4,20,45,45,,"274,3164063"
233,100.0,80.0,80.0,20.0,5070,1.0,1.0,0.0,1.0,200.0,13,65,18,90,10,50,9,45,"62,5",62.5,,"0,87890625"
234,100.0,80.0,80.0,20.0,4715,1.0,1.0,0.0,1.0,300.0,14,70,17,85,10,50,13,65,"67,5",67.5,,"35,25390625"
235,100.0,80.0,80.0,20.0,4403,1.0,1.0,0.0,1.0,400.0,11,55,20,100,11,55,7,35,"61,25",61.25,,"0,09765625"
236,100.0,80.0,80.0,20.0,4620,1.0,1.0,0.0,1.0,500.0,14,70,19,95,10,50,11,55,"67,5",67.5,,"35,25390625"
237,100.0,80.0,80.0,20.0,4635,1.0,1.0,0.0,1.0,600.0,8,40,19,95,13,65,5,25,"56,25",56.25,,"28,22265625"
238,100.0,80.0,80.0,20.0,4703,1.0,1.0,0.0,1.0,700.0,10,50,17,85,11,55,13,65,"63,75",63.75,,"4,78515625"
239,100.0,80.0,80.0,20.0,4722,1.0,1.0,0.0,1.0,800.0,8,40,17,85,11,55,12,60,60,60,,"2,44140625"
240,100.0,80.0,80.0,20.0,4648,1.0,1.0,0.0,1.0,900.0,13,65,20,100,13,65,14,70,75,75,,"180,5664063"
241,100.0,80.0,80.0,20.0,5009,1.0,1.0,0.0,1.0,1000.0,15,75,17,85,7,35,15,75,"67,5",67.5,,"35,25390625"
242,100.0,80.0,80.0,20.0,4680,1.0,1.0,0.0,1.0,1100.0,12,60,12,60,17,85,16,80,"71,25",71.25,,"93,84765625"
243,100.0,80.0,80.0,20.0,4360,1.0,1.0,0.0,1.0,1200.0,13,65,17,85,11,55,11,55,65,65,,"11,81640625"
244,100.0,80.0,80.0,20.0,4742,1.0,1.0,0.0,1.0,1300.0,9,45,19,95,9,45,3,15,50,50,,"133,6914063"
245,100.0,80.0,80.0,20.0,4656,1.0,1.0,0.0,1.0,1400.0,8,40,18,90,12,60,9,45,"58,75",58.75,,"7,91015625"
246,100.0,80.0,80.0,20.0,4860,1.0,1.0,0.0,1.0,1500.0,6,30,16,80,10,50,9,45,"51,25",51.25,,"106,3476563"
247,100.0,80.0,80.0,20.0,4826,1.0,1.0,0.0,1.0,1600.0,10,50,18,90,12,60,8,40,60,60,,"2,44140625"
248,100.0,80.0,80.0,20.0,4733,1.0,1.0,0.0,1.0,1700.0,9,45,19,95,10,50,14,70,65,65,,"11,81640625"
249,100.0,80.0,80.0,20.0,4588,1.0,1.0,0.0,1.0,1800.0,12,60,18,90,11,55,8,40,"61,25",61.25,,"0,09765625"
250,100.0,80.0,80.0,20.0,4414,1.0,1.0,0.0,1.0,1900.0,12,60,18,90,9,45,11,55,"62,5",62.5,"6,958302146","0,87890625"
251,100.0,80.0,80.0,20.0,"4667,25",4667.25,,,,,"10,7","53,5","17,75","88,75","10,55","52,75","10,25","51,25","61,5625",61.5625,,
252,200.0,80.0,160.0,40.0,19655,0.0,1.0,0.0,0.0,0.0,25,"62,5",38,95,14,35,15,"37,5","57,5",57.5,"57.5,64.375,66.25,66.875,60.625,73.125,67.5,61.875,61.875,58.75,71.875,61.25,62.5,60.625,63.125,68.75,58.75,68.125,72.5,53.75","42,25"
253,200.0,80.0,160.0,40.0,20750,0.0,1.0,0.0,0.0,200.0,25,"62,5",35,"87,5",22,55,21,"52,5","64,375",64.375,,"0,140625"
254,200.0,80.0,160.0,40.0,20067,0.0,1.0,0.0,0.0,400.0,28,70,35,"87,5",23,"57,5",20,50,"66,25",66.25,,"5,0625"
255,200.0,80.0,160.0,40.0,21004,0.0,1.0,0.0,0.0,600.0,25,"62,5",35,"87,5",22,55,25,"62,5","66,875",66.875,,"8,265625"
256,200.0,80.0,160.0,40.0,20686,0.0,1.0,0.0,0.0,800.0,21,"52,5",37,"92,5",20,50,19,"47,5","60,625",60.625,,"11,390625"
257,200.0,80.0,160.0,40.0,20726,0.0,1.0,0.0,0.0,1000.0,26,65,35,"87,5",30,75,26,65,"73,125",73.125,,"83,265625"
258,200.0,80.0,160.0,40.0,19668,0.0,1.0,0.0,0.0,1200.0,27,"67,5",39,"97,5",25,"62,5",17,"42,5","67,5",67.5,,"12,25"
259,200.0,80.0,160.0,40.0,20624,0.0,1.0,0.0,0.0,1400.0,19,"47,5",32,80,23,"57,5",25,"62,5","61,875",61.875,,"4,515625"
260,200.0,80.0,160.0,40.0,21046,0.0,1.0,0.0,0.0,1600.0,19,"47,5",35,"87,5",23,"57,5",22,55,"61,875",61.875,,"4,515625"
261,200.0,80.0,160.0,40.0,20133,0.0,1.0,0.0,0.0,1800.0,25,"62,5",37,"92,5",19,"47,5",13,"32,5","58,75",58.75,,"27,5625"
262,200.0,80.0,160.0,40.0,19504,0.0,1.0,0.0,0.0,2000.0,23,"57,5",39,"97,5",25,"62,5",28,70,"71,875",71.875,,"62,015625"
263,200.0,80.0,160.0,40.0,21258,0.0,1.0,0.0,0.0,2200.0,22,55,38,95,22,55,16,40,"61,25",61.25,,"7,5625"
264,200.0,80.0,160.0,40.0,20459,0.0,1.0,0.0,0.0,2400.0,29,"72,5",36,90,18,45,17,"42,5","62,5",62.5,,"2,25"
265,200.0,80.0,160.0,40.0,20758,0.0,1.0,0.0,0.0,2600.0,26,65,38,95,19,"47,5",14,35,"60,625",60.625,,"11,390625"
266,200.0,80.0,160.0,40.0,20568,0.0,1.0,0.0,0.0,2800.0,23,"57,5",38,95,26,65,14,35,"63,125",63.125,,"0,765625"
267,200.0,80.0,160.0,40.0,19978,0.0,1.0,0.0,0.0,3000.0,23,"57,5",39,"97,5",25,"62,5",23,"57,5","68,75",68.75,,"22,5625"
268,200.0,80.0,160.0,40.0,19771,0.0,1.0,0.0,0.0,3200.0,20,50,36,90,19,"47,5",19,"47,5","58,75",58.75,,"27,5625"
269,200.0,80.0,160.0,40.0,21744,0.0,1.0,0.0,0.0,3400.0,21,"52,5",39,"97,5",21,"52,5",28,70,"68,125",68.125,,"17,015625"
270,200.0,80.0,160.0,40.0,19921,0.0,1.0,0.0,0.0,3600.0,30,75,38,95,26,65,22,55,"72,5",72.5,,"72,25"
271,200.0,80.0,160.0,40.0,19986,0.0,1.0,0.0,0.0,3800.0,21,"52,5",35,"87,5",12,30,18,45,"53,75",53.75,"5,136420203","105,0625"
272,200.0,80.0,160.0,40.0,"20415,3",20415.3,,,,,"23,9","59,75","36,7","91,75","21,7","54,25","20,1","50,25",64,64,,
273,200.0,80.0,160.0,40.0,13875,0.0,1.0,0.0,1.0,0.0,25,"62,5",38,95,16,40,17,"42,5",60,60,"60,64.375,66.25,67.5,63.125,73.75,68.125,62.5,63.75,60,71.875,61.25,63.75,62.5,65.625,70,59.375,68.125,71.25,55","24,07128906"
274,200.0,80.0,160.0,40.0,14711,0.0,1.0,0.0,1.0,200.0,25,"62,5",34,85,22,55,22,55,"64,375",64.375,,"0,2822265625"
275,200.0,80.0,160.0,40.0,14241,0.0,1.0,0.0,1.0,400.0,28,70,34,85,24,60,20,50,"66,25",66.25,,"1,805664063"
276,200.0,80.0,160.0,40.0,14797,0.0,1.0,0.0,1.0,600.0,26,65,35,"87,5",22,55,25,"62,5","67,5",67.5,,"6,727539063"
277,200.0,80.0,160.0,40.0,14685,0.0,1.0,0.0,1.0,800.0,22,55,36,90,23,"57,5",20,50,"63,125",63.125,,"3,172851562"
278,200.0,80.0,160.0,40.0,14617,0.0,1.0,0.0,1.0,1000.0,24,60,34,85,32,80,28,70,"73,75",73.75,,"78,21191406"
279,200.0,80.0,160.0,40.0,13882,0.0,1.0,0.0,1.0,1200.0,27,"67,5",39,"97,5",24,60,19,"47,5","68,125",68.125,,"10,36035156"
280,200.0,80.0,160.0,40.0,14467,0.0,1.0,0.0,1.0,1400.0,20,50,32,80,23,"57,5",25,"62,5","62,5",62.5,,"5,790039062"
281,200.0,80.0,160.0,40.0,14895,0.0,1.0,0.0,1.0,1600.0,21,"52,5",34,85,23,"57,5",24,60,"63,75",63.75,,"1,336914063"
282,200.0,80.0,160.0,40.0,14235,0.0,1.0,0.0,1.0,1800.0,26,65,36,90,19,"47,5",15,"37,5",60,60,,"24,07128906"
283,200.0,80.0,160.0,40.0,13781,0.0,1.0,0.0,1.0,2000.0,22,55,39,"97,5",25,"62,5",29,"72,5","71,875",71.875,,"48,56347656"
284,200.0,80.0,160.0,40.0,15037,0.0,1.0,0.0,1.0,2200.0,22,55,37,"92,5",24,60,15,"37,5","61,25",61.25,,"13,36816406"
285,200.0,80.0,160.0,40.0,14346,0.0,1.0,0.0,1.0,2400.0,29,"72,5",36,90,19,"47,5",18,45,"63,75",63.75,,"1,336914063"
286,200.0,80.0,160.0,40.0,14730,0.0,1.0,0.0,1.0,2600.0,26,65,37,"92,5",20,50,17,"42,5","62,5",62.5,,"5,790039062"
287,200.0,80.0,160.0,40.0,14599,0.0,1.0,0.0,1.0,2800.0,23,"57,5",38,95,26,65,18,45,"65,625",65.625,,"0,5166015625"
288,200.0,80.0,160.0,40.0,14024,0.0,1.0,0.0,1.0,3000.0,24,60,38,95,27,"67,5",23,"57,5",70,70,,"25,94628906"
289,200.0,80.0,160.0,40.0,14122,0.0,1.0,0.0,1.0,3200.0,21,"52,5",34,85,19,"47,5",21,"52,5","59,375",59.375,,"30,59472656"
290,200.0,80.0,160.0,40.0,15383,0.0,1.0,0.0,1.0,3400.0,21,"52,5",39,"97,5",22,55,27,"67,5","68,125",68.125,,"10,36035156"
291,200.0,80.0,160.0,40.0,14045,0.0,1.0,0.0,1.0,3600.0,29,"72,5",38,95,26,65,21,"52,5","71,25",71.25,,"40,24316406"
292,200.0,80.0,160.0,40.0,14103,0.0,1.0,0.0,1.0,3800.0,22,55,34,85,13,"32,5",19,"47,5",55,55,"4,640493475","98,13378906"
293,200.0,80.0,160.0,40.0,"14428,75",14428.75,,,,,"24,15","60,375","36,1","90,25","22,45","56,125","21,15","52,875","64,90625",64.90625,,
294,200.0,80.0,160.0,40.0,9247,1.0,1.0,0.0,0.0,0.0,25,"62,5",38,95,15,"37,5",13,"32,5","56,875",56.875,"56.875,65,66.875,65.625,61.25,66.875,63.125,59.375,58.125,58.75,66.25,63.75,61.25,60.625,61.25,67.5,58.125,68.125,68.75,52.5","31,640625"
295,200.0,80.0,160.0,40.0,10075,1.0,1.0,0.0,0.0,200.0,27,"67,5",35,"87,5",22,55,20,50,65,65,,"6,25"
296,200.0,80.0,160.0,40.0,9380,1.0,1.0,0.0,0.0,400.0,28,70,35,"87,5",22,55,22,55,"66,875",66.875,,"19,140625"
297,200.0,80.0,160.0,40.0,9802,1.0,1.0,0.0,0.0,600.0,26,65,35,"87,5",21,"52,5",23,"57,5","65,625",65.625,,"9,765625"
298,200.0,80.0,160.0,40.0,9830,1.0,1.0,0.0,0.0,800.0,21,"52,5",39,"97,5",19,"47,5",19,"47,5","61,25",61.25,,"1,5625"
299,200.0,80.0,160.0,40.0,10230,1.0,1.0,0.0,0.0,1000.0,22,55,37,"92,5",23,"57,5",25,"62,5","66,875",66.875,,"19,140625"
300,200.0,80.0,160.0,40.0,9544,1.0,1.0,0.0,0.0,1200.0,24,60,39,"97,5",23,"57,5",15,"37,5","63,125",63.125,,"0,390625"
301,200.0,80.0,160.0,40.0,9918,1.0,1.0,0.0,0.0,1400.0,17,"42,5",33,"82,5",22,55,23,"57,5","59,375",59.375,,"9,765625"
302,200.0,80.0,160.0,40.0,9953,1.0,1.0,0.0,0.0,1600.0,17,"42,5",34,85,23,"57,5",19,"47,5","58,125",58.125,,"19,140625"
303,200.0,80.0,160.0,40.0,9486,1.0,1.0,0.0,0.0,1800.0,25,"62,5",37,"92,5",19,"47,5",13,"32,5","58,75",58.75,,"14,0625"
304,200.0,80.0,160.0,40.0,9322,1.0,1.0,0.0,0.0,2000.0,21,"52,5",39,"97,5",23,"57,5",23,"57,5","66,25",66.25,,"14,0625"
305,200.0,80.0,160.0,40.0,9889,1.0,1.0,0.0,0.0,2200.0,22,55,38,95,25,"62,5",17,"42,5","63,75",63.75,,"1,5625"
306,200.0,80.0,160.0,40.0,9790,1.0,1.0,0.0,0.0,2400.0,26,65,36,90,20,50,16,40,"61,25",61.25,,"1,5625"
307,200.0,80.0,160.0,40.0,9752,1.0,1.0,0.0,0.0,2600.0,26,65,38,95,19,"47,5",14,35,"60,625",60.625,,"3,515625"
308,200.0,80.0,160.0,40.0,9583,1.0,1.0,0.0,0.0,2800.0,20,50,39,"97,5",26,65,13,"32,5","61,25",61.25,,"1,5625"
309,200.0,80.0,160.0,40.0,9561,1.0,1.0,0.0,0.0,3000.0,22,55,38,95,25,"62,5",23,"57,5","67,5",67.5,,25
310,200.0,80.0,160.0,40.0,9215,1.0,1.0,0.0,0.0,3200.0,20,50,35,"87,5",18,45,20,50,"58,125",58.125,,"19,140625"
311,200.0,80.0,160.0,40.0,10251,1.0,1.0,0.0,0.0,3400.0,23,"57,5",39,"97,5",20,50,27,"67,5","68,125",68.125,,"31,640625"
312,200.0,80.0,160.0,40.0,9368,1.0,1.0,0.0,0.0,3600.0,28,70,38,95,23,"57,5",21,"52,5","68,75",68.75,,"39,0625"
313,200.0,80.0,160.0,40.0,9503,1.0,1.0,0.0,0.0,3800.0,20,50,35,"87,5",12,30,17,"42,5","52,5",52.5,"4,289339984",100
314,200.0,80.0,160.0,40.0,"9684,95",9684.95,,,,,23,"57,5","36,85","92,125",21,"52,5","19,15","47,875","62,5",62.5,,
315,200.0,80.0,160.0,40.0,6537,1.0,1.0,0.0,1.0,0.0,24,60,38,95,16,40,18,45,60,60,"60,63.75,66.25,66.875,61.875,69.375,65.625,58.75,60.625,61.875,68.125,64.375,63.125,60.625,65,70,60.625,68.125,70.625,52.5","15,25878906"
316,200.0,80.0,160.0,40.0,7250,1.0,1.0,0.0,1.0,200.0,22,55,35,"87,5",23,"57,5",22,55,"63,75",63.75,,"0,0244140625"
317,200.0,80.0,160.0,40.0,6596,1.0,1.0,0.0,1.0,400.0,28,70,33,"82,5",23,"57,5",22,55,"66,25",66.25,,"5,493164063"
318,200.0,80.0,160.0,40.0,6964,1.0,1.0,0.0,1.0,600.0,26,65,35,"87,5",20,50,26,65,"66,875",66.875,,"8,813476563"
319,200.0,80.0,160.0,40.0,6954,1.0,1.0,0.0,1.0,800.0,20,50,37,"92,5",21,"52,5",21,"52,5","61,875",61.875,,"4,125976562"
320,200.0,80.0,160.0,40.0,7291,1.0,1.0,0.0,1.0,1000.0,22,55,38,95,26,65,25,"62,5","69,375",69.375,,"29,90722656"
321,200.0,80.0,160.0,40.0,6715,1.0,1.0,0.0,1.0,1200.0,25,"62,5",38,95,24,60,18,45,"65,625",65.625,,"2,954101563"
322,200.0,80.0,160.0,40.0,7004,1.0,1.0,0.0,1.0,1400.0,19,"47,5",32,80,22,55,21,"52,5","58,75",58.75,,"26,58691406"
323,200.0,80.0,160.0,40.0,7031,1.0,1.0,0.0,1.0,1600.0,18,45,33,"82,5",21,"52,5",25,"62,5","60,625",60.625,,"10,76660156"
324,200.0,80.0,160.0,40.0,6688,1.0,1.0,0.0,1.0,1800.0,28,70,37,"92,5",18,45,16,40,"61,875",61.875,,"4,125976562"
325,200.0,80.0,160.0,40.0,6586,1.0,1.0,0.0,1.0,2000.0,21,"52,5",39,"97,5",24,60,25,"62,5","68,125",68.125,,"17,79785156"
326,200.0,80.0,160.0,40.0,6954,1.0,1.0,0.0,1.0,2200.0,23,"57,5",38,95,26,65,16,40,"64,375",64.375,,"0,2197265625"
327,200.0,80.0,160.0,40.0,6884,1.0,1.0,0.0,1.0,2400.0,28,70,33,"82,5",22,55,18,45,"63,125",63.125,,"0,6103515625"
328,200.0,80.0,160.0,40.0,6934,1.0,1.0,0.0,1.0,2600.0,26,65,37,"92,5",19,"47,5",15,"37,5","60,625",60.625,,"10,76660156"
329,200.0,80.0,160.0,40.0,6783,1.0,1.0,0.0,1.0,2800.0,22,55,38,95,26,65,18,45,65,65,,"1,196289063"
330,200.0,80.0,160.0,40.0,6736,1.0,1.0,0.0,1.0,3000.0,25,"62,5",38,95,24,60,25,"62,5",70,70,,"37,13378906"
331,200.0,80.0,160.0,40.0,6601,1.0,1.0,0.0,1.0,3200.0,20,50,34,85,20,50,23,"57,5","60,625",60.625,,"10,76660156"
332,200.0,80.0,160.0,40.0,7252,1.0,1.0,0.0,1.0,3400.0,21,"52,5",40,100,20,50,28,70,"68,125",68.125,,"17,79785156"
333,200.0,80.0,160.0,40.0,6689,1.0,1.0,0.0,1.0,3600.0,27,"67,5",37,"92,5",26,65,23,"57,5","70,625",70.625,,"45,14160156"
334,200.0,80.0,160.0,40.0,6715,1.0,1.0,0.0,1.0,3800.0,20,50,34,85,12,30,18,45,"52,5",52.5,"4,356545901","130,1025391"
335,200.0,80.0,160.0,40.0,"6858,2",6858.2,,,,,"23,25","58,125","36,2","90,5","21,65","54,125","21,15","52,875","63,90625",63.90625,,
336,400.0,80.0,320.0,80.0,28806,0.0,1.0,0.0,0.0,0.0,56,70,73,"91,25",50,"62,5",39,"48,75","68,125",68.125,"68.125,66.25,62.5,61.875,63.125,65.625,62.8125,69.375,71.5625,56.25,70.3125,73.125,67.5,71.5625,67.5,72.5,70,65.3125,64.6875,68.75","1,41015625"
337,400.0,80.0,320.0,80.0,29644,0.0,1.0,0.0,0.0,400.0,44,55,71,"88,75",47,"58,75",50,"62,5","66,25",66.25,,"0,47265625"
338,400.0,80.0,320.0,80.0,29648,0.0,1.0,0.0,0.0,800.0,54,"67,5",77,"96,25",36,45,33,"41,25","62,5",62.5,,"19,69140625"
339,400.0,80.0,320.0,80.0,29073,0.0,1.0,0.0,0.0,1200.0,44,55,74,"92,5",48,60,32,40,"61,875",61.875,,"25,62890625"
340,400.0,80.0,320.0,80.0,30068,0.0,1.0,0.0,0.0,1600.0,50,"62,5",73,"91,25",46,"57,5",33,"41,25","63,125",63.125,,"14,53515625"
341,400.0,80.0,320.0,80.0,29534,0.0,1.0,0.0,0.0,2000.0,43,"53,75",77,"96,25",47,"58,75",43,"53,75","65,625",65.625,,"1,72265625"
342,400.0,80.0,320.0,80.0,29454,0.0,1.0,0.0,0.0,2400.0,52,65,73,"91,25",41,"51,25",35,"43,75","62,8125",62.8125,,"17,015625"
343,400.0,80.0,320.0,80.0,29123,0.0,1.0,0.0,0.0,2800.0,51,"63,75",75,"93,75",51,"63,75",45,"56,25","69,375",69.375,,"5,94140625"
344,400.0,80.0,320.0,80.0,29500,0.0,1.0,0.0,0.0,3200.0,58,"72,5",76,95,42,"52,5",53,"66,25","71,5625",71.5625,,"21,390625"
345,400.0,80.0,320.0,80.0,28058,0.0,1.0,0.0,0.0,3600.0,46,"57,5",61,"76,25",36,45,37,"46,25","56,25",56.25,,"114,2226563"
346,400.0,80.0,320.0,80.0,29621,0.0,1.0,0.0,0.0,4000.0,43,"53,75",75,"93,75",55,"68,75",52,65,"70,3125",70.3125,,"11,390625"
347,400.0,80.0,320.0,80.0,30217,0.0,1.0,0.0,0.0,4400.0,57,"71,25",73,"91,25",53,"66,25",51,"63,75","73,125",73.125,,"38,28515625"
348,400.0,80.0,320.0,80.0,28776,0.0,1.0,0.0,0.0,4800.0,44,55,71,"88,75",55,"68,75",46,"57,5","67,5",67.5,,"0,31640625"
349,400.0,80.0,320.0,80.0,29244,0.0,1.0,0.0,0.0,5200.0,56,70,76,95,48,60,49,"61,25","71,5625",71.5625,,"21,390625"
350,400.0,80.0,320.0,80.0,30002,0.0,1.0,0.0,0.0,5600.0,48,60,78,"97,5",46,"57,5",44,55,"67,5",67.5,,"0,31640625"
351,400.0,80.0,320.0,80.0,28367,0.0,1.0,0.0,0.0,6000.0,58,"72,5",75,"93,75",45,"56,25",54,"67,5","72,5",72.5,,"30,94140625"
352,400.0,80.0,320.0,80.0,30422,0.0,1.0,0.0,0.0,6400.0,47,"58,75",73,"91,25",55,"68,75",49,"61,25",70,70,,"9,37890625"
353,400.0,80.0,320.0,80.0,28297,0.0,1.0,0.0,0.0,6800.0,49,"61,25",68,85,49,"61,25",43,"53,75","65,3125",65.3125,,"2,640625"
354,400.0,80.0,320.0,80.0,29335,0.0,1.0,0.0,0.0,7200.0,46,"57,5",79,"98,75",40,50,42,"52,5","64,6875",64.6875,,"5,0625"
355,400.0,80.0,320.0,80.0,28911,0.0,1.0,0.0,0.0,7600.0,53,"66,25",73,"91,25",47,"58,75",47,"58,75","68,75",68.75,"4,153547053","3,28515625"
356,400.0,80.0,320.0,80.0,29305,29305,,,,,"49,95","62,4375","73,55","91,9375","46,85","58,5625","43,85","54,8125","66,9375",66.9375,,
357,400.0,80.0,320.0,80.0,20462,0.0,1.0,0.0,1.0,0.0,56,70,72,90,50,"62,5",41,"51,25","68,4375",68.4375,"68.4375,67.1875,62.1875,63.125,64.375,66.5625,63.4375,70.625,71.25,56.875,70,72.8125,66.5625,72.8125,67.8125,71.5625,71.875,64.375,64.375,68.75","1,41015625"
358,400.0,80.0,320.0,80.0,21191,0.0,1.0,0.0,1.0,400.0,46,"57,5",71,"88,75",46,"57,5",52,65,"67,1875",67.1875,,"0,00390625"
359,400.0,80.0,320.0,80.0,21000,0.0,1.0,0.0,1.0,800.0,54,"67,5",76,95,37,"46,25",32,40,"62,1875",62.1875,,"25,62890625"
360,400.0,80.0,320.0,80.0,20510,0.0,1.0,0.0,1.0,1200.0,45,"56,25",74,"92,5",48,60,35,"43,75","63,125",63.125,,"17,015625"
361,400.0,80.0,320.0,80.0,21459,0.0,1.0,0.0,1.0,1600.0,50,"62,5",72,90,47,"58,75",37,"46,25","64,375",64.375,,"8,265625"
362,400.0,80.0,320.0,80.0,21031,0.0,1.0,0.0,1.0,2000.0,43,"53,75",77,"96,25",49,"61,25",44,55,"66,5625",66.5625,,"0,47265625"
363,400.0,80.0,320.0,80.0,20889,0.0,1.0,0.0,1.0,2400.0,50,"62,5",73,"91,25",43,"53,75",37,"46,25","63,4375",63.4375,,"14,53515625"
364,400.0,80.0,320.0,80.0,20601,0.0,1.0,0.0,1.0,2800.0,53,"66,25",73,"91,25",56,70,44,55,"70,625",70.625,,"11,390625"
365,400.0,80.0,320.0,80.0,21063,0.0,1.0,0.0,1.0,3200.0,56,70,76,95,42,"52,5",54,"67,5","71,25",71.25,,16
366,400.0,80.0,320.0,80.0,19860,0.0,1.0,0.0,1.0,3600.0,47,"58,75",58,"72,5",37,"46,25",40,50,"56,875",56.875,,"107,640625"
367,400.0,80.0,320.0,80.0,21095,0.0,1.0,0.0,1.0,4000.0,43,"53,75",73,"91,25",56,70,52,65,70,70,,"7,5625"
368,400.0,80.0,320.0,80.0,21653,0.0,1.0,0.0,1.0,4400.0,56,70,72,90,55,"68,75",50,"62,5","72,8125",72.8125,,"30,94140625"
369,400.0,80.0,320.0,80.0,20402,0.0,1.0,0.0,1.0,4800.0,46,"57,5",70,"87,5",49,"61,25",48,60,"66,5625",66.5625,,"0,47265625"
370,400.0,80.0,320.0,80.0,20781,0.0,1.0,0.0,1.0,5200.0,58,"72,5",75,"93,75",49,"61,25",51,"63,75","72,8125",72.8125,,"30,94140625"
371,400.0,80.0,320.0,80.0,21203,0.0,1.0,0.0,1.0,5600.0,48,60,77,"96,25",48,60,44,55,"67,8125",67.8125,,"0,31640625"
372,400.0,80.0,320.0,80.0,20181,0.0,1.0,0.0,1.0,6000.0,58,"72,5",75,"93,75",43,"53,75",53,"66,25","71,5625",71.5625,,"18,59765625"
373,400.0,80.0,320.0,80.0,21736,0.0,1.0,0.0,1.0,6400.0,48,60,71,"88,75",58,"72,5",53,"66,25","71,875",71.875,,"21,390625"
374,400.0,80.0,320.0,80.0,20216,0.0,1.0,0.0,1.0,6800.0,45,"56,25",67,"83,75",49,"61,25",45,"56,25","64,375",64.375,,"8,265625"
375,400.0,80.0,320.0,80.0,20909,0.0,1.0,0.0,1.0,7200.0,43,"53,75",79,"98,75",43,"53,75",41,"51,25","64,375",64.375,,"8,265625"
376,400.0,80.0,320.0,80.0,20543,0.0,1.0,0.0,1.0,7600.0,53,"66,25",72,90,48,60,47,"58,75","68,75",68.75,"4,070424962","2,25"
377,400.0,80.0,320.0,80.0,"20839,25",20839.25,,,,,"49,9","62,375","72,65","90,8125","47,65","59,5625",45,"56,25","67,25",67.25,,
378,400.0,80.0,320.0,80.0,14251,1.0,1.0,0.0,0.0,0.0,57,"71,25",72,90,49,"61,25",42,"52,5","68,75",68.75,"68.75,65,60.3125,61.875,62.1875,65,63.4375,67.5,69.0625,55,68.75,72.1875,67.1875,69.6875,66.875,71.25,70.3125,65,63.4375,66.875","7,648681641"
379,400.0,80.0,320.0,80.0,14427,1.0,1.0,0.0,0.0,400.0,42,"52,5",71,"88,75",46,"57,5",49,"61,25",65,65,,"0,9689941406"
380,400.0,80.0,320.0,80.0,15032,1.0,1.0,0.0,0.0,800.0,54,"67,5",77,"96,25",31,"38,75",31,"38,75","60,3125",60.3125,,"32,17016602"
381,400.0,80.0,320.0,80.0,14540,1.0,1.0,0.0,0.0,1200.0,43,"53,75",74,"92,5",46,"57,5",35,"43,75","61,875",61.875,,"16,88696289"
382,400.0,80.0,320.0,80.0,14798,1.0,1.0,0.0,0.0,1600.0,49,"61,25",73,"91,25",48,60,29,"36,25","62,1875",62.1875,,"14,41625977"
383,400.0,80.0,320.0,80.0,14484,1.0,1.0,0.0,0.0,2000.0,43,"53,75",77,"96,25",46,"57,5",42,"52,5",65,65,,"0,9689941406"
384,400.0,80.0,320.0,80.0,14554,1.0,1.0,0.0,0.0,2400.0,51,"63,75",73,"91,25",41,"51,25",38,"47,5","63,4375",63.4375,,"6,486572266"
385,400.0,80.0,320.0,80.0,14333,1.0,1.0,0.0,0.0,2800.0,52,65,76,95,49,"61,25",39,"48,75","67,5",67.5,,"2,297119141"
386,400.0,80.0,320.0,80.0,14377,1.0,1.0,0.0,0.0,3200.0,54,"67,5",76,95,41,"51,25",50,"62,5","69,0625",69.0625,,"9,474853516"
387,400.0,80.0,320.0,80.0,13894,1.0,1.0,0.0,0.0,3600.0,45,"56,25",60,75,36,45,35,"43,75",55,55,,"120,6564941"
388,400.0,80.0,320.0,80.0,14795,1.0,1.0,0.0,0.0,4000.0,44,55,75,"93,75",54,"67,5",47,"58,75","68,75",68.75,,"7,648681641"
389,400.0,80.0,320.0,80.0,14593,1.0,1.0,0.0,0.0,4400.0,55,"68,75",74,"92,5",52,65,50,"62,5","72,1875",72.1875,,"38,47875977"
390,400.0,80.0,320.0,80.0,14315,1.0,1.0,0.0,0.0,4800.0,42,"52,5",73,"91,25",54,"67,5",46,"57,5","67,1875",67.1875,,"1,447509766"
391,400.0,80.0,320.0,80.0,14517,1.0,1.0,0.0,0.0,5200.0,59,"73,75",75,"93,75",44,55,45,"56,25","69,6875",69.6875,,"13,71313477"
392,400.0,80.0,320.0,80.0,14800,1.0,1.0,0.0,0.0,5600.0,49,"61,25",76,95,45,"56,25",44,55,"66,875",66.875,,"0,7932128906"
393,400.0,80.0,320.0,80.0,14271,1.0,1.0,0.0,0.0,6000.0,57,"71,25",76,95,46,"57,5",49,"61,25","71,25",71.25,,"27,72680664"
394,400.0,80.0,320.0,80.0,14940,1.0,1.0,0.0,0.0,6400.0,47,"58,75",72,90,55,"68,75",51,"63,75","70,3125",70.3125,,"18,73266602"
395,400.0,80.0,320.0,80.0,13748,1.0,1.0,0.0,0.0,6800.0,46,"57,5",70,"87,5",47,"58,75",45,"56,25",65,65,,"0,9689941406"
396,400.0,80.0,320.0,80.0,14604,1.0,1.0,0.0,0.0,7200.0,43,"53,75",78,"97,5",40,50,42,"52,5","63,4375",63.4375,,"6,486572266"
397,400.0,80.0,320.0,80.0,14524,1.0,1.0,0.0,0.0,7600.0,52,65,72,90,47,"58,75",43,"53,75","66,875",66.875,"4,05440901","0,7932128906"
398,400.0,80.0,320.0,80.0,"14489,85",14489.85,,,,,"49,2","61,5","73,5","91,875","45,85","57,3125","42,6","53,25","65,984375",65.984375,,
399,400.0,80.0,320.0,80.0,9904,1.0,1.0,0.0,1.0,0.0,54,"67,5",70,"87,5",50,"62,5",38,"47,5","66,25",66.25,"66.25,65,60.9375,63.75,60.9375,65.9375,63.4375,69.0625,71.875,56.25,67.5,72.5,63.75,71.5625,66.5625,70,68.75,63.75,64.6875,65.9375","0,1076660156"
400,400.0,80.0,320.0,80.0,9976,1.0,1.0,0.0,1.0,400.0,46,"57,5",73,"91,25",45,"56,25",44,55,65,65,,"0,8498535156"
401,400.0,80.0,320.0,80.0,10410,1.0,1.0,0.0,1.0,800.0,52,65,76,95,34,"42,5",33,"41,25","60,9375",60.9375,,"24,84399414"
402,400.0,80.0,320.0,80.0,10020,1.0,1.0,0.0,1.0,1200.0,45,"56,25",73,"91,25",48,60,38,"47,5","63,75",63.75,,"4,717041016"
403,400.0,80.0,320.0,80.0,10227,1.0,1.0,0.0,1.0,1600.0,50,"62,5",70,"87,5",44,55,31,"38,75","60,9375",60.9375,,"24,84399414"
404,400.0,80.0,320.0,80.0,10002,1.0,1.0,0.0,1.0,2000.0,44,55,75,"93,75",49,"61,25",43,"53,75","65,9375",65.9375,,"0,000244140625"
405,400.0,80.0,320.0,80.0,10103,1.0,1.0,0.0,1.0,2400.0,50,"62,5",72,90,45,"56,25",36,45,"63,4375",63.4375,,"6,172119141"
406,400.0,80.0,320.0,80.0,9900,1.0,1.0,0.0,1.0,2800.0,52,65,74,"92,5",51,"63,75",44,55,"69,0625",69.0625,,"9,863525391"
407,400.0,80.0,320.0,80.0,9956,1.0,1.0,0.0,1.0,3200.0,58,"72,5",77,"96,25",43,"53,75",52,65,"71,875",71.875,,"35,43969727"
408,400.0,80.0,320.0,80.0,9668,1.0,1.0,0.0,1.0,3600.0,45,"56,25",59,"73,75",37,"46,25",39,"48,75","56,25",56.25,,"93,54516602"
409,400.0,80.0,320.0,80.0,10226,1.0,1.0,0.0,1.0,4000.0,42,"52,5",71,"88,75",56,70,47,"58,75","67,5",67.5,,"2,490478516"
410,400.0,80.0,320.0,80.0,10190,1.0,1.0,0.0,1.0,4400.0,57,"71,25",72,90,53,"66,25",50,"62,5","72,5",72.5,,"43,27172852"
411,400.0,80.0,320.0,80.0,9926,1.0,1.0,0.0,1.0,4800.0,42,"52,5",69,"86,25",49,"61,25",44,55,"63,75",63.75,,"4,717041016"
412,400.0,80.0,320.0,80.0,10093,1.0,1.0,0.0,1.0,5200.0,60,75,75,"93,75",46,"57,5",48,60,"71,5625",71.5625,,"31,81665039"
413,400.0,80.0,320.0,80.0,10200,1.0,1.0,0.0,1.0,5600.0,47,"58,75",78,"97,5",47,"58,75",41,"51,25","66,5625",66.5625,,"0,4104003906"
414,400.0,80.0,320.0,80.0,9860,1.0,1.0,0.0,1.0,6000.0,53,"66,25",76,95,46,"57,5",49,"61,25",70,70,,"16,63110352"
415,400.0,80.0,320.0,80.0,10399,1.0,1.0,0.0,1.0,6400.0,45,"56,25",71,"88,75",56,70,48,60,"68,75",68.75,,"7,998291016"
416,400.0,80.0,320.0,80.0,9519,1.0,1.0,0.0,1.0,6800.0,47,"58,75",65,"81,25",47,"58,75",45,"56,25","63,75",63.75,,"4,717041016"
417,400.0,80.0,320.0,80.0,10156,1.0,1.0,0.0,1.0,7200.0,45,"56,25",78,"97,5",42,"52,5",42,"52,5","64,6875",64.6875,,"1,523681641"
418,400.0,80.0,320.0,80.0,10100,1.0,1.0,0.0,1.0,7600.0,51,"63,75",70,"87,5",49,"61,25",41,"51,25","65,9375",65.9375,"3,962069919","0,000244140625"
419,400.0,80.0,320.0,80.0,"10041,75",10041.75,,,,,"49,25","61,5625","72,2","90,25","46,85","58,5625","42,65","53,3125","65,921875",65.921875,,
420,550.0,80.0,440.0,110.0,34286,0.0,1.0,0.0,0.0,0.0,73,"66,36363636",104,"94,54545455",66,60,62,"56,36363636","69,31818182",69.31818182,"69.31818182,69.31818182,65.90909091,67.5,66.13636364,72.95454545,68.40909091,71.36363636,69.77272727,69.31818182","0,1012396694"
421,550.0,80.0,440.0,110.0,35684,0.0,1.0,0.0,0.0,550.0,72,"65,45454545",101,"91,81818182",65,"59,09090909",67,"60,90909091","69,31818182",69.31818182,,"0,1012396694"
422,550.0,80.0,440.0,110.0,34139,0.0,1.0,0.0,0.0,1100.0,62,"56,36363636",102,"92,72727273",70,"63,63636364",56,"50,90909091","65,90909091",65.90909091,,"9,553719008"
423,550.0,80.0,440.0,110.0,34196,0.0,1.0,0.0,0.0,1650.0,78,"70,90909091",104,"94,54545455",67,"60,90909091",48,"43,63636364","67,5",67.5,,"2,25"
424,550.0,80.0,440.0,110.0,35643,0.0,1.0,0.0,0.0,2200.0,64,"58,18181818",99,90,63,"57,27272727",65,"59,09090909","66,13636364",66.13636364,,"8,200413223"
425,550.0,80.0,440.0,110.0,34222,0.0,1.0,0.0,0.0,2750.0,67,"60,90909091",107,"97,27272727",80,"72,72727273",67,"60,90909091","72,95454545",72.95454545,,"15,63842975"
426,550.0,80.0,440.0,110.0,34988,0.0,1.0,0.0,0.0,3300.0,77,70,104,"94,54545455",57,"51,81818182",63,"57,27272727","68,40909091",68.40909091,,"0,3491735537"
427,550.0,80.0,440.0,110.0,34864,0.0,1.0,0.0,0.0,3850.0,70,"63,63636364",101,"91,81818182",78,"70,90909091",65,"59,09090909","71,36363636",71.36363636,,"5,58677686"
428,550.0,80.0,440.0,110.0,35819,0.0,1.0,0.0,0.0,4400.0,67,"60,90909091",103,"93,63636364",67,"60,90909091",70,"63,63636364","69,77272727",69.77272727,,"0,597107438"
429,550.0,80.0,440.0,110.0,34271,0.0,1.0,0.0,0.0,4950.0,65,"59,09090909",101,"91,81818182",78,"70,90909091",61,"55,45454545","69,31818182",69.31818182,"2,061051645","0,1012396694"
470,550.0,80.0,440.0,110.0,"34811,2",34811.2,,,,,"69,5","63,18181818","102,6","93,27272727","69,1","62,81818182","62,4","56,72727273",69,69,,
430,550.0,80.0,440.0,110.0,24523,0.0,1.0,0.0,1.0,0.0,73,"66,36363636",103,"93,63636364",68,"61,81818182",64,"58,18181818",70,70,"70,70.45454545,65.22727273,64.77272727,66.59090909,72.72727273,68.86363636,71.36363636,69.31818182,70.22727273","1,092975207"
431,550.0,80.0,440.0,110.0,25512,0.0,1.0,0.0,1.0,550.0,73,"66,36363636",100,"90,90909091",66,60,71,"64,54545455","70,45454545",70.45454545,,"2,25"
432,550.0,80.0,440.0,110.0,24308,0.0,1.0,0.0,1.0,1100.0,63,"57,27272727",99,90,68,"61,81818182",57,"51,81818182","65,22727273",65.22727273,,"13,89256198"
433,550.0,80.0,440.0,110.0,24461,0.0,1.0,0.0,1.0,1650.0,76,"69,09090909",98,"89,09090909",65,"59,09090909",46,"41,81818182","64,77272727",64.77272727,,"17,48760331"
434,550.0,80.0,440.0,110.0,25383,0.0,1.0,0.0,1.0,2200.0,67,"60,90909091",100,"90,90909091",62,"56,36363636",64,"58,18181818","66,59090909",66.59090909,,"5,58677686"
435,550.0,80.0,440.0,110.0,24299,0.0,1.0,0.0,1.0,2750.0,65,"59,09090909",104,"94,54545455",80,"72,72727273",71,"64,54545455","72,72727273",72.72727273,,"14,23347107"
436,550.0,80.0,440.0,110.0,25021,0.0,1.0,0.0,1.0,3300.0,77,70,103,"93,63636364",59,"53,63636364",64,"58,18181818","68,86363636",68.86363636,,"0,00826446281"
437,550.0,80.0,440.0,110.0,24959,0.0,1.0,0.0,1.0,3850.0,71,"64,54545455",99,90,79,"71,81818182",65,"59,09090909","71,36363636",71.36363636,,"5,803719008"
438,550.0,80.0,440.0,110.0,25817,0.0,1.0,0.0,1.0,4400.0,69,"62,72727273",102,"92,72727273",68,"61,81818182",66,60,"69,31818182",69.31818182,,"0,132231405"
439,550.0,80.0,440.0,110.0,24424,0.0,1.0,0.0,1.0,4950.0,67,"60,90909091",101,"91,81818182",79,"71,81818182",62,"56,36363636","70,22727273",70.22727273,"2,492136393","1,619834711"
470,550.0,80.0,440.0,110.0,"24870,7",24870.7,,,,,"70,1","63,72727273","100,9","91,72727273","69,4","63,09090909",63,"57,27272727","68,95454545",68.95454545,,
440,550.0,80.0,440.0,110.0,17290,1.0,1.0,0.0,0.0,0.0,71,"64,54545455",104,"94,54545455",64,"58,18181818",64,"58,18181818","68,86363636",68.86363636,"68.86363636,68.63636364,65,67.04545455,65,72.72727273,66.81818182,70,68.86363636,67.27272727","0,7071280992"
441,550.0,80.0,440.0,110.0,17796,1.0,1.0,0.0,0.0,550.0,74,"67,27272727",101,"91,81818182",59,"53,63636364",68,"61,81818182","68,63636364",68.63636364,,"0,3765495868"
442,550.0,80.0,440.0,110.0,17198,1.0,1.0,0.0,0.0,1100.0,62,"56,36363636",101,"91,81818182",67,"60,90909091",56,"50,90909091",65,65,,"9,136880165"
443,550.0,80.0,440.0,110.0,17202,1.0,1.0,0.0,0.0,1650.0,78,"70,90909091",103,"93,63636364",68,"61,81818182",46,"41,81818182","67,04545455",67.04545455,,"0,9550619835"
444,550.0,80.0,440.0,110.0,17675,1.0,1.0,0.0,0.0,2200.0,63,"57,27272727",100,"90,90909091",61,"55,45454545",62,"56,36363636",65,65,,"9,136880165"
445,550.0,80.0,440.0,110.0,17286,1.0,1.0,0.0,0.0,2750.0,64,"58,18181818",108,"98,18181818",79,"71,81818182",69,"62,72727273","72,72727273",72.72727273,,"22,13274793"
446,550.0,80.0,440.0,110.0,17214,1.0,1.0,0.0,0.0,3300.0,75,"68,18181818",104,"94,54545455",54,"49,09090909",61,"55,45454545","66,81818182",66.81818182,,"1,450929752"
447,550.0,80.0,440.0,110.0,17653,1.0,1.0,0.0,0.0,3850.0,67,"60,90909091",101,"91,81818182",72,"65,45454545",68,"61,81818182",70,70,,"3,909607438"
448,550.0,80.0,440.0,110.0,17643,1.0,1.0,0.0,0.0,4400.0,66,60,102,"92,72727273",64,"58,18181818",71,"64,54545455","68,86363636",68.86363636,,"0,7071280992"
449,550.0,80.0,440.0,110.0,17083,1.0,1.0,0.0,0.0,4950.0,62,"56,36363636",102,"92,72727273",74,"67,27272727",58,"52,72727273","67,27272727",67.27272727,"2,215297118","0,5625"
470,550.0,80.0,440.0,110.0,17404,17404,,,,,"68,2",62,"102,6","93,27272727","66,2","60,18181818","62,3","56,63636364","68,02272727",68.02272727,,
450,550.0,80.0,440.0,110.0,11895,1.0,1.0,0.0,1.0,0.0,67,"60,90909091",100,"90,90909091",65,"59,09090909",67,"60,90909091","67,95454545",67.95454545,"67.95454545,65.90909091,66.59090909,65,65.45454545,70.45454545,68.63636364,68.40909091,67.27272727,69.77272727","0,1673553719"
451,550.0,80.0,440.0,110.0,12303,1.0,1.0,0.0,1.0,550.0,68,"61,81818182",97,"88,18181818",62,"56,36363636",63,"57,27272727","65,90909091",65.90909091,,"2,67768595"
452,550.0,80.0,440.0,110.0,11864,1.0,1.0,0.0,1.0,1100.0,64,"58,18181818",101,"91,81818182",71,"64,54545455",57,"51,81818182","66,59090909",66.59090909,,"0,9111570248"
453,550.0,80.0,440.0,110.0,11898,1.0,1.0,0.0,1.0,1650.0,78,"70,90909091",98,"89,09090909",64,"58,18181818",46,"41,81818182",65,65,,"6,479338843"
454,550.0,80.0,440.0,110.0,12157,1.0,1.0,0.0,1.0,2200.0,66,60,100,"90,90909091",64,"58,18181818",58,"52,72727273","65,45454545",65.45454545,,"4,371900826"
455,550.0,80.0,440.0,110.0,11830,1.0,1.0,0.0,1.0,2750.0,64,"58,18181818",105,"95,45454545",76,"69,09090909",65,"59,09090909","70,45454545",70.45454545,,"8,462809917"
456,550.0,80.0,440.0,110.0,11920,1.0,1.0,0.0,1.0,3300.0,75,"68,18181818",104,"94,54545455",60,"54,54545455",63,"57,27272727","68,63636364",68.63636364,,"1,190082645"
457,550.0,80.0,440.0,110.0,12256,1.0,1.0,0.0,1.0,3850.0,66,60,97,"88,18181818",75,"68,18181818",63,"57,27272727","68,40909091",68.40909091,,"0,7458677686"
458,550.0,80.0,440.0,110.0,12248,1.0,1.0,0.0,1.0,4400.0,68,"61,81818182",101,"91,81818182",59,"53,63636364",68,"61,81818182","67,27272727",67.27272727,,"0,07438016529"
459,550.0,80.0,440.0,110.0,11806,1.0,1.0,0.0,1.0,4950.0,64,"58,18181818",101,"91,81818182",77,70,65,"59,09090909","69,77272727",69.77272727,"1,73324327","4,960743802"
470,550.0,80.0,440.0,110.0,"12017,7",12017.7,,,,,68,"61,81818182","100,4","91,27272727","67,3","61,18181818","61,5","55,90909091","67,54545455",67.54545455,,
460,700.0,80.0,560.0,140.0,38641,0.0,1.0,0.0,0.0,0.0,96,"68,57142857",128,"91,42857143",85,"60,71428571",74,"52,85714286","68,39285714",68.39285714,"68.39285714,70.89285714,66.25,67.5,70.71428571,69.46428571,68.21428571,70.53571429,68.39285714,67.67857143","0,1686862245"
461,700.0,80.0,560.0,140.0,39309,0.0,1.0,0.0,0.0,700.0,85,"60,71428571",129,"92,14285714",88,"62,85714286",95,"67,85714286","70,89285714",70.89285714,,"4,365114796"
462,700.0,80.0,560.0,140.0,39542,0.0,1.0,0.0,0.0,1400.0,95,"67,85714286",125,"89,28571429",74,"52,85714286",77,55,"66,25",66.25,,"6,520727041"
463,700.0,80.0,560.0,140.0,40235,0.0,1.0,0.0,0.0,2100.0,86,"61,42857143",127,"90,71428571",80,"57,14285714",85,"60,71428571","67,5",67.5,,"1,699298469"
464,700.0,80.0,560.0,140.0,38430,0.0,1.0,0.0,0.0,2800.0,96,"68,57142857",122,"87,14285714",90,"64,28571429",88,"62,85714286","70,71428571",70.71428571,,"3,650829082"
465,700.0,80.0,560.0,140.0,38751,0.0,1.0,0.0,0.0,3500.0,91,65,133,95,84,60,81,"57,85714286","69,46428571",69.46428571,,"0,4365433673"
466,700.0,80.0,560.0,140.0,39992,0.0,1.0,0.0,0.0,4200.0,96,"68,57142857",126,90,79,"56,42857143",81,"57,85714286","68,21428571",68.21428571,,"0,3472576531"
467,700.0,80.0,560.0,140.0,38594,0.0,1.0,0.0,0.0,4900.0,96,"68,57142857",133,95,84,60,82,"58,57142857","70,53571429",70.53571429,,"3,000318878"
468,700.0,80.0,560.0,140.0,39306,0.0,1.0,0.0,0.0,5600.0,91,65,132,"94,28571429",78,"55,71428571",82,"58,57142857","68,39285714",68.39285714,,"0,1686862245"
469,700.0,80.0,560.0,140.0,39821,0.0,1.0,0.0,0.0,6300.0,89,"63,57142857",129,"92,14285714",86,"61,42857143",75,"53,57142857","67,67857143",67.67857143,"1,470479063","1,265625"
470,700.0,80.0,560.0,140.0,"39262,1",39262.1,,,,,"92,1","65,78571429","128,4","91,71428571","82,8","59,14285714",82,"58,57142857","68,80357143",68.80357143,,
471,700.0,80.0,560.0,140.0,27805,0.0,1.0,0.0,1.0,0.0,97,"69,28571429",126,90,84,60,75,"53,57142857","68,21428571",68.21428571,"68.21428571,70.53571429,66.07142857,68.39285714,69.28571429,69.10714286,67.85714286,69.46428571,70,67.85714286","0,2995607462"
472,700.0,80.0,560.0,140.0,28113,0.0,1.0,0.0,1.0,700.0,89,"63,57142857",128,"91,42857143",87,"62,14285714",91,65,"70,53571429",70.53571429,,"3,147456154"
473,700.0,80.0,560.0,140.0,28424,0.0,1.0,0.0,1.0,1400.0,94,"67,14285714",125,"89,28571429",72,"51,42857143",79,"56,42857143","66,07142857",66.07142857,,"7,237060746"
474,700.0,80.0,560.0,140.0,28891,0.0,1.0,0.0,1.0,2100.0,86,"61,42857143",127,"90,71428571",81,"57,85714286",89,"63,57142857","68,39285714",68.39285714,,"0,1359765625"
475,700.0,80.0,560.0,140.0,27542,0.0,1.0,0.0,1.0,2800.0,94,"67,14285714",117,"83,57142857",89,"63,57142857",88,"62,85714286","69,28571429",69.28571429,,"0,2746882972"
476,700.0,80.0,560.0,140.0,27739,0.0,1.0,0.0,1.0,3500.0,92,"65,71428571",131,"93,57142857",87,"62,14285714",77,55,"69,10714286",69.10714286,,"0,1193949298"
477,700.0,80.0,560.0,140.0,28911,0.0,1.0,0.0,1.0,4200.0,96,"68,57142857",124,"88,57142857",81,"57,85714286",79,"56,42857143","67,85714286",67.85714286,,"0,8180556441"
478,700.0,80.0,560.0,140.0,27624,0.0,1.0,0.0,1.0,4900.0,95,"67,85714286",131,"93,57142857",85,"60,71428571",78,"55,71428571","69,46428571",69.46428571,,"0,4937571747"
479,700.0,80.0,560.0,140.0,28039,0.0,1.0,0.0,1.0,5600.0,96,"68,57142857",132,"94,28571429",80,"57,14285714",84,60,70,70,,"1,533616869"
480,700.0,80.0,560.0,140.0,28723,0.0,1.0,0.0,1.0,6300.0,91,65,129,"92,14285714",85,"60,71428571",75,"53,57142857","67,85714286",67.85714286,"1,21973861","0,8180556441"
481,700.0,80.0,560.0,140.0,"28181,1",28181.1,,,,,93,"66,42857143",127,"90,71428571","83,1","59,35714286","81,5","58,21428571","68,76160714",68.76160714,,
482,700.0,80.0,560.0,140.0,19734,1.0,1.0,0.0,0.0,0.0,96,"68,57142857",125,"89,28571429",86,"61,42857143",75,"53,57142857","68,21428571",68.21428571,"68.21428571,70.17857143,66.07142857,67.5,70,68.39285714,68.03571429,68.92857143,67.5,67.14285714","0,000318877551"
483,700.0,80.0,560.0,140.0,20246,1.0,1.0,0.0,0.0,700.0,81,"57,85714286",131,"93,57142857",84,60,97,"69,28571429","70,17857143",70.17857143,,"3,928890306"
484,700.0,80.0,560.0,140.0,20232,1.0,1.0,0.0,0.0,1400.0,94,"67,14285714",127,"90,71428571",72,"51,42857143",77,55,"66,07142857",66.07142857,,"4,515625"
485,700.0,80.0,560.0,140.0,19951,1.0,1.0,0.0,0.0,2100.0,87,"62,14285714",131,"93,57142857",77,55,83,"59,28571429","67,5",67.5,,"0,4850127551"
486,700.0,80.0,560.0,140.0,19542,1.0,1.0,0.0,0.0,2800.0,96,"68,57142857",122,"87,14285714",89,"63,57142857",85,"60,71428571",70,70,,"3,252869898"
487,700.0,80.0,560.0,140.0,19593,1.0,1.0,0.0,0.0,3500.0,88,"62,85714286",133,95,84,60,78,"55,71428571","68,39285714",68.39285714,,"0,03858418367"
488,700.0,80.0,560.0,140.0,19922,1.0,1.0,0.0,0.0,4200.0,92,"65,71428571",126,90,81,"57,85714286",82,"58,57142857","68,03571429",68.03571429,,"0,02582908163"
489,700.0,80.0,560.0,140.0,19485,1.0,1.0,0.0,0.0,4900.0,92,"65,71428571",132,"94,28571429",83,"59,28571429",79,"56,42857143","68,92857143",68.92857143,,"0,5360331633"
490,700.0,80.0,560.0,140.0,20016,1.0,1.0,0.0,0.0,5600.0,89,"63,57142857",132,"94,28571429",75,"53,57142857",82,"58,57142857","67,5",67.5,,"0,4850127551"
491,700.0,80.0,560.0,140.0,20035,1.0,1.0,0.0,0.0,6300.0,85,"60,71428571",129,"92,14285714",84,60,78,"55,71428571","67,14285714",67.14285714,"1,199090855","1,110012755"
492,700.0,80.0,560.0,140.0,"19875,6",19875.6,,,,,90,"64,28571429","128,8",92,"81,5","58,21428571","81,6","58,28571429","68,19642857",68.19642857,,
493,700.0,80.0,560.0,140.0,13535,1.0,1.0,0.0,1.0,0.0,96,"68,57142857",123,"87,85714286",87,"62,14285714",75,"53,57142857","68,03571429",68.03571429,"68.03571429,68.92857143,65.53571429,67.32142857,68.21428571,65.71428571,67.67857143,68.92857143,70.17857143,67.67857143","0,04591836735"
494,700.0,80.0,560.0,140.0,13956,1.0,1.0,0.0,1.0,700.0,83,"59,28571429",127,"90,71428571",83,"59,28571429",93,"66,42857143","68,92857143",68.92857143,,"1,225765306"
495,700.0,80.0,560.0,140.0,13822,1.0,1.0,0.0,1.0,1400.0,94,"67,14285714",127,"90,71428571",70,50,76,"54,28571429","65,53571429",65.53571429,,"5,224489796"
496,700.0,80.0,560.0,140.0,13707,1.0,1.0,0.0,1.0,2100.0,86,"61,42857143",128,"91,42857143",81,"57,85714286",82,"58,57142857","67,32142857",67.32142857,,"0,25"
497,700.0,80.0,560.0,140.0,13408,1.0,1.0,0.0,1.0,2800.0,93,"66,42857143",115,"82,14285714",91,65,83,"59,28571429","68,21428571",68.21428571,,"0,1543367347"
498,700.0,80.0,560.0,140.0,13488,1.0,1.0,0.0,1.0,3500.0,81,"57,85714286",131,"93,57142857",84,60,72,"51,42857143","65,71428571",65.71428571,,"4,44005102"
499,700.0,80.0,560.0,140.0,13738,1.0,1.0,0.0,1.0,4200.0,96,"68,57142857",121,"86,42857143",83,"59,28571429",79,"56,42857143","67,67857143",67.67857143,,"0,02040816327"
500,700.0,80.0,560.0,140.0,13395,1.0,1.0,0.0,1.0,4900.0,93,"66,42857143",131,"93,57142857",84,60,78,"55,71428571","68,92857143",68.92857143,,"1,225765306"
501,700.0,80.0,560.0,140.0,13640,1.0,1.0,0.0,1.0,5600.0,99,"70,71428571",133,95,75,"53,57142857",86,"61,42857143","70,17857143",70.17857143,,"5,556122449"
502,700.0,80.0,560.0,140.0,13781,1.0,1.0,0.0,1.0,6300.0,87,"62,14285714",130,"92,85714286",86,"61,42857143",76,"54,28571429","67,67857143",67.67857143,"1,34771159","0,02040816327"
503,700.0,80.0,560.0,140.0,13647,13647,,,,,"90,8","64,85714286","126,6","90,42857143","82,4","58,85714286",80,"57,14285714","67,82142857",67.82142857,,
504,850.0,80.0,680.0,170.0,43045,0.0,1.0,0.0,0.0,0.0,101,"59,41176471",152,"89,41176471",106,"62,35294118",101,"59,41176471","67,64705882",67.64705882,"67.64705882,69.11764706,68.38235294,67.64705882,70.88235294,66.17647059,71.02941176,70.44117647,63.97058824,68.08823529","0,4777249135"
505,850.0,80.0,680.0,170.0,42870,0.0,1.0,0.0,0.0,850.0,113,"66,47058824",153,90,115,"67,64705882",89,"52,35294118","69,11764706",69.11764706,,"0,607482699"
506,850.0,80.0,680.0,170.0,43591,0.0,1.0,0.0,0.0,1700.0,114,"67,05882353",156,"91,76470588",110,"64,70588235",85,50,"68,38235294",68.38235294,,"0,001946366782"
507,850.0,80.0,680.0,170.0,42620,0.0,1.0,0.0,0.0,2550.0,92,"54,11764706",157,"92,35294118",112,"65,88235294",99,"58,23529412","67,64705882",67.64705882,,"0,4777249135"
508,850.0,80.0,680.0,170.0,43343,0.0,1.0,0.0,0.0,3400.0,118,"69,41176471",159,"93,52941176",93,"54,70588235",112,"65,88235294","70,88235294",70.88235294,,"6,472534602"
509,850.0,80.0,680.0,170.0,44185,0.0,1.0,0.0,0.0,4250.0,103,"60,58823529",159,"93,52941176",76,"44,70588235",112,"65,88235294","66,17647059",66.17647059,,"4,673226644"
510,850.0,80.0,680.0,170.0,42173,0.0,1.0,0.0,0.0,5100.0,112,"65,88235294",154,"90,58823529",108,"63,52941176",109,"64,11764706","71,02941176",71.02941176,,"7,242430796"
511,850.0,80.0,680.0,170.0,42765,0.0,1.0,0.0,0.0,5950.0,107,"62,94117647",154,"90,58823529",104,"61,17647059",114,"67,05882353","70,44117647",70.44117647,,"4,422361592"
512,850.0,80.0,680.0,170.0,42808,0.0,1.0,0.0,0.0,6800.0,109,"64,11764706",159,"93,52941176",85,50,82,"48,23529412","63,97058824",63.97058824,,"19,07634083"
513,850.0,80.0,680.0,170.0,42300,0.0,1.0,0.0,0.0,7650.0,108,"63,52941176",155,"91,17647059",89,"52,35294118",111,"65,29411765","68,08823529",68.08823529,"2,086007511","0,0625"
470,850.0,80.0,680.0,170.0,42970,42970,,,,,"107,7","63,35294118","155,8","91,64705882","99,8","58,70588235","101,4","59,64705882","68,33823529",68.33823529,,
514,850.0,80.0,680.0,170.0,31113,0.0,1.0,0.0,1.0,0.0,103,"60,58823529",150,"88,23529412",107,"62,94117647",104,"61,17647059","68,23529412",68.23529412,"68.23529412,69.55882353,68.67647059,67.20588235,70.29411765,65.88235294,71.17647059,69.55882353,62.35294118,70","0,003460207612"
515,850.0,80.0,680.0,170.0,30759,0.0,1.0,0.0,1.0,850.0,114,"67,05882353",150,"88,23529412",116,"68,23529412",93,"54,70588235","69,55882353",69.55882353,,"1,599480969"
516,850.0,80.0,680.0,170.0,31486,0.0,1.0,0.0,1.0,1700.0,113,"66,47058824",156,"91,76470588",111,"65,29411765",87,"51,17647059","68,67647059",68.67647059,,"0,1461937716"
517,850.0,80.0,680.0,170.0,30609,0.0,1.0,0.0,1.0,2550.0,93,"54,70588235",152,"89,41176471",115,"67,64705882",97,"57,05882353","67,20588235",67.20588235,,"1,184256055"
518,850.0,80.0,680.0,170.0,31198,0.0,1.0,0.0,1.0,3400.0,113,"66,47058824",156,"91,76470588",98,"57,64705882",111,"65,29411765","70,29411765",70.29411765,,4
519,850.0,80.0,680.0,170.0,32001,0.0,1.0,0.0,1.0,4250.0,102,60,157,"92,35294118",78,"45,88235294",111,"65,29411765","65,88235294",65.88235294,,"5,816608997"
520,850.0,80.0,680.0,170.0,30356,0.0,1.0,0.0,1.0,5100.0,113,"66,47058824",155,"91,17647059",110,"64,70588235",106,"62,35294118","71,17647059",71.17647059,,"8,307958478"
521,850.0,80.0,680.0,170.0,30884,0.0,1.0,0.0,1.0,5950.0,105,"61,76470588",153,90,104,"61,17647059",111,"65,29411765","69,55882353",69.55882353,,"1,599480969"
522,850.0,80.0,680.0,170.0,30956,0.0,1.0,0.0,1.0,6800.0,104,"61,17647059",155,"91,17647059",85,50,80,"47,05882353","62,35294118",62.35294118,,"35,29757785"
523,850.0,80.0,680.0,170.0,30338,0.0,1.0,0.0,1.0,7650.0,114,"67,05882353",155,"91,17647059",93,"54,70588235",114,"67,05882353",70,70,"2,46708435","2,910034602"
470,850.0,80.0,680.0,170.0,30970,30970,,,,,"107,4","63,17647059","153,9","90,52941176","101,7","59,82352941","101,4","59,64705882","68,29411765",68.29411765,,
524,850.0,80.0,680.0,170.0,21944,1.0,1.0,0.0,0.0,0.0,97,"57,05882353",153,90,104,"61,17647059",93,"54,70588235","65,73529412",65.73529412,"65.73529412,67.5,68.52941176,68.67647059,69.41176471,66.17647059,70,69.41176471,63.67647059,67.5","3,711288927"
525,850.0,80.0,680.0,170.0,22204,1.0,1.0,0.0,0.0,850.0,107,"62,94117647",154,"90,58823529",110,"64,70588235",88,"51,76470588","67,5",67.5,,"0,02616782007"
526,850.0,80.0,680.0,170.0,21998,1.0,1.0,0.0,0.0,1700.0,115,"67,64705882",159,"93,52941176",106,"62,35294118",86,"50,58823529","68,52941176",68.52941176,,"0,7528114187"
527,850.0,80.0,680.0,170.0,21867,1.0,1.0,0.0,0.0,2550.0,93,"54,70588235",156,"91,76470588",115,"67,64705882",103,"60,58823529","68,67647059",68.67647059,,"1,029628028"
528,850.0,80.0,680.0,170.0,21976,1.0,1.0,0.0,0.0,3400.0,115,"67,64705882",157,"92,35294118",93,"54,70588235",107,"62,94117647","69,41176471",69.41176471,,"3,0625"
529,850.0,80.0,680.0,170.0,22263,1.0,1.0,0.0,0.0,4250.0,103,"60,58823529",159,"93,52941176",76,"44,70588235",112,"65,88235294","66,17647059",66.17647059,,"2,206098616"
530,850.0,80.0,680.0,170.0,21584,1.0,1.0,0.0,0.0,5100.0,109,"64,11764706",153,90,106,"62,35294118",108,"63,52941176",70,70,,"5,467344291"
531,850.0,80.0,680.0,170.0,21866,1.0,1.0,0.0,0.0,5950.0,110,"64,70588235",154,"90,58823529",100,"58,82352941",108,"63,52941176","69,41176471",69.41176471,,"3,0625"
532,850.0,80.0,680.0,170.0,21488,1.0,1.0,0.0,0.0,6800.0,105,"61,76470588",159,"93,52941176",85,50,84,"49,41176471","63,67647059",63.67647059,,"15,8825692"
533,850.0,80.0,680.0,170.0,21935,1.0,1.0,0.0,0.0,7650.0,107,"62,94117647",156,"91,76470588",87,"51,17647059",109,"64,11764706","67,5",67.5,"1,876887746","0,02616782007"
470,850.0,80.0,680.0,170.0,"21912,5",21912.5,,,,,"106,1","62,41176471",156,"91,76470588","98,2","57,76470588","99,8","58,70588235","67,66176471",67.66176471,,
534,850.0,80.0,680.0,170.0,15032,1.0,1.0,0.0,1.0,0.0,100,"58,82352941",151,"88,82352941",101,"59,41176471",103,"60,58823529","66,91176471",66.91176471,"66.91176471,67.64705882,66.47058824,66.91176471,68.67647059,65.44117647,70.58823529,68.82352941,62.5,67.35294118","0,04865916955"
535,850.0,80.0,680.0,170.0,15245,1.0,1.0,0.0,1.0,850.0,112,"65,88235294",150,"88,23529412",108,"63,52941176",90,"52,94117647","67,64705882",67.64705882,,"0,2649221453"
536,850.0,80.0,680.0,170.0,15149,1.0,1.0,0.0,1.0,1700.0,110,"64,70588235",156,"91,76470588",105,"61,76470588",81,"47,64705882","66,47058824",66.47058824,,"0,437932526"
537,850.0,80.0,680.0,170.0,14996,1.0,1.0,0.0,1.0,2550.0,93,"54,70588235",156,"91,76470588",113,"66,47058824",93,"54,70588235","66,91176471",66.91176471,,"0,04865916955"
538,850.0,80.0,680.0,170.0,15092,1.0,1.0,0.0,1.0,3400.0,111,"65,29411765",157,"92,35294118",92,"54,11764706",107,"62,94117647","68,67647059",68.67647059,,"2,384299308"
539,850.0,80.0,680.0,170.0,15338,1.0,1.0,0.0,1.0,4250.0,101,"59,41176471",157,"92,35294118",76,"44,70588235",111,"65,29411765","65,44117647",65.44117647,,"2,860077855"
540,850.0,80.0,680.0,170.0,14828,1.0,1.0,0.0,1.0,5100.0,110,"64,70588235",153,90,111,"65,29411765",106,"62,35294118","70,58823529",70.58823529,,"11,94312284"
541,850.0,80.0,680.0,170.0,15062,1.0,1.0,0.0,1.0,5950.0,106,"62,35294118",152,"89,41176471",105,"61,76470588",105,"61,76470588","68,82352941",68.82352941,,"2,860077855"
542,850.0,80.0,680.0,170.0,14797,1.0,1.0,0.0,1.0,6800.0,105,"61,76470588",156,"91,76470588",84,"49,41176471",80,"47,05882353","62,5",62.5,,"21,45869377"
543,850.0,80.0,680.0,170.0,15104,1.0,1.0,0.0,1.0,7650.0,109,"64,11764706",155,"91,17647059",87,"51,17647059",107,"62,94117647","67,35294118",67.35294118,"2,058035563","0,04865916955"
470,850.0,80.0,680.0,170.0,"15064,3",15064.3,,,,,"105,7","62,17647059","154,3","90,76470588","98,2","57,76470588","98,3","57,82352941","67,13235294",67.13235294,,
544,1000.0,80.0,800.0,200.0,47260,0.0,1.0,0.0,0.0,0.0,126,63,175,"87,5",130,65,140,70,"71,375",71.375,"71.375,73.875,72.5,65.25,67.75,70.75,68.5","1,890625"
545,1000.0,80.0,800.0,200.0,46604,0.0,1.0,0.0,0.0,1000.0,133,"66,5",185,"92,5",140,70,133,"66,5","73,875",73.875,,"15,015625"
546,1000.0,80.0,800.0,200.0,47436,0.0,1.0,0.0,0.0,2000.0,137,"68,5",187,"93,5",126,63,130,65,"72,5",72.5,,"6,25"
547,1000.0,80.0,800.0,200.0,46303,0.0,1.0,0.0,0.0,3000.0,135,"67,5",173,"86,5",107,"53,5",107,"53,5","65,25",65.25,,"22,5625"
548,1000.0,80.0,800.0,200.0,47550,0.0,1.0,0.0,0.0,4000.0,125,"62,5",182,91,108,54,127,"63,5","67,75",67.75,,"5,0625"
549,1000.0,80.0,800.0,200.0,45647,0.0,1.0,0.0,0.0,5000.0,132,66,187,"93,5",120,60,127,"63,5","70,75",70.75,,"0,5625"
550,1000.0,80.0,800.0,200.0,46713,0.0,1.0,0.0,0.0,6000.0,128,64,188,94,119,"59,5",113,"56,5","68,5",68.5,"2,766992953","2,25"
551,1000.0,80.0,800.0,200.0,"46787,57143",46787.57143,,,,,"130,8571429","65,42857143","182,4285714","91,21428571","121,4285714","60,71428571","125,2857143","62,64285714",70,70,,
552,1000.0,80.0,800.0,200.0,34291,0.0,1.0,0.0,1.0,0.0,123,"61,5",171,"85,5",132,66,139,"69,5","70,625",70.625,"70.625,74,72.125,64.875,67.375,71.125,69.5","0,4604591837"
553,1000.0,80.0,800.0,200.0,33646,0.0,1.0,0.0,1.0,1000.0,134,67,184,92,141,"70,5",133,"66,5",74,74,,"16,43144133"
554,1000.0,80.0,800.0,200.0,34304,0.0,1.0,0.0,1.0,2000.0,135,"67,5",185,"92,5",125,"62,5",132,66,"72,125",72.125,,"4,746173469"
555,1000.0,80.0,800.0,200.0,33487,0.0,1.0,0.0,1.0,3000.0,132,66,169,"84,5",108,54,110,55,"64,875",64.875,,"25,71938776"
556,1000.0,80.0,800.0,200.0,34608,0.0,1.0,0.0,1.0,4000.0,126,63,181,"90,5",106,53,126,63,"67,375",67.375,,"6,612244898"
557,1000.0,80.0,800.0,200.0,32958,0.0,1.0,0.0,1.0,5000.0,131,"65,5",186,93,128,64,124,62,"71,125",71.125,,"1,389030612"
558,1000.0,80.0,800.0,200.0,33915,0.0,1.0,0.0,1.0,6000.0,128,64,188,94,121,"60,5",119,"59,5","69,5",69.5,"2,817243732","0,1992984694"
559,1000.0,80.0,800.0,200.0,33887,33887,,,,,"129,8571429","64,92857143","180,5714286","90,28571429",123,"61,5","126,1428571","63,07142857","69,94642857",69.94642857,,
560,1000.0,80.0,800.0,200.0,24002,1.0,1.0,0.0,0.0,0.0,125,"62,5",176,88,126,63,135,"67,5","70,25",70.25,"70.25,72.125,72.125,65.125,67.25,71.125,67.5","0,7971938776"
561,1000.0,80.0,800.0,200.0,24193,1.0,1.0,0.0,0.0,1000.0,131,"65,5",184,92,128,64,134,67,"72,125",72.125,,"7,661033163"
562,1000.0,80.0,800.0,200.0,24024,1.0,1.0,0.0,0.0,2000.0,136,68,187,"93,5",124,62,130,65,"72,125",72.125,,"7,661033163"
563,1000.0,80.0,800.0,200.0,23665,1.0,1.0,0.0,0.0,3000.0,137,"68,5",171,"85,5",103,"51,5",110,55,"65,125",65.125,,"17,91103316"
564,1000.0,80.0,800.0,200.0,24325,1.0,1.0,0.0,0.0,4000.0,124,62,183,"91,5",105,"52,5",126,63,"67,25",67.25,,"4,44005102"
565,1000.0,80.0,800.0,200.0,23402,1.0,1.0,0.0,0.0,5000.0,130,65,189,"94,5",123,"61,5",127,"63,5","71,125",71.125,,"3,125318878"
566,1000.0,80.0,800.0,200.0,23853,1.0,1.0,0.0,0.0,6000.0,124,62,188,94,116,58,112,56,"67,5",67.5,"2,536720122","3,448979592"
567,1000.0,80.0,800.0,200.0,"23923,42857",23923.42857,,,,,"129,5714286","64,78571429","182,5714286","91,28571429","117,8571429","58,92857143","124,8571429","62,42857143","69,35714286",69.35714286,,
568,1000.0,80.0,800.0,200.0,16474,1.0,1.0,0.0,1.0,0.0,127,"63,5",168,84,127,"63,5",136,68,"69,75",69.75,"69.75,71.25,71.375,65.5,67.25,70,67.875","0,5625"
569,1000.0,80.0,800.0,200.0,16587,1.0,1.0,0.0,1.0,1000.0,132,66,182,91,134,67,122,61,"71,25",71.25,,"5,0625"
570,1000.0,80.0,800.0,200.0,16505,1.0,1.0,0.0,1.0,2000.0,135,"67,5",187,"93,5",126,63,123,"61,5","71,375",71.375,,"5,640625"
571,1000.0,80.0,800.0,200.0,16325,1.0,1.0,0.0,1.0,3000.0,137,"68,5",169,"84,5",107,"53,5",111,"55,5","65,5",65.5,,"12,25"
572,1000.0,80.0,800.0,200.0,16766,1.0,1.0,0.0,1.0,4000.0,129,"64,5",181,"90,5",107,"53,5",121,"60,5","67,25",67.25,,"3,0625"
573,1000.0,80.0,800.0,200.0,16124,1.0,1.0,0.0,1.0,5000.0,129,"64,5",184,92,125,"62,5",122,61,70,70,,1
574,1000.0,80.0,800.0,200.0,16408,1.0,1.0,0.0,1.0,6000.0,128,64,185,"92,5",116,58,114,57,"67,875",67.875,"2,029910272","1,265625"
575,1000.0,80.0,800.0,200.0,"16455,57143",16455.57143,,,,,131,"65,5","179,4285714","89,71428571","120,2857143","60,14285714","121,2857143","60,64285714",69,69,,
576,1250.0,80.0,1000.0,250.0,52691,0.0,1.0,0.0,0.0,0.0,177,"70,8",233,"93,2",129,"51,6",123,"49,2","66,2",66.2,"66.2,68.2,72.2,68.4,75.3,69,70.8","14,54877551"
577,1250.0,80.0,1000.0,250.0,51977,0.0,1.0,0.0,0.0,1250.0,153,"61,2",222,"88,8",173,"69,2",134,"53,6","68,2",68.2,,"3,291632653"
578,1250.0,80.0,1000.0,250.0,51696,0.0,1.0,0.0,0.0,2500.0,177,"70,8",239,"95,6",148,"59,2",158,"63,2","72,2",72.2,,"4,777346939"
579,1250.0,80.0,1000.0,250.0,52171,0.0,1.0,0.0,0.0,3750.0,162,"64,8",226,"90,4",139,"55,6",157,"62,8","68,4",68.4,,"2,605918367"
580,1250.0,80.0,1000.0,250.0,51794,0.0,1.0,0.0,0.0,5000.0,163,"65,2",232,"92,8",176,"70,4",182,"72,8","75,3",75.3,,"27,93877551"
581,1250.0,80.0,1000.0,250.0,52509,0.0,1.0,0.0,0.0,6250.0,171,"68,4",232,"92,8",137,"54,8",150,60,69,69,,"1,02877551"
582,1250.0,80.0,1000.0,250.0,50961,0.0,1.0,0.0,0.0,7500.0,164,"65,6",212,"84,8",159,"63,6",173,"69,2","70,8",70.8,"2,798177249","0,6173469388"
575,1250.0,80.0,1000.0,250.0,"51971,28571",51971.28571,,,,,"166,7142857","66,68571429",228,"91,2","151,5714286","60,62857143","153,8571429","61,54285714","70,01428571",70.01428571,,
583,1250.0,80.0,1000.0,250.0,38455,0.0,1.0,0.0,1.0,0.0,169,"67,6",229,"91,6",127,"50,8",124,"49,6","64,9",64.9,"64.9,67.9,72,68,75.3,68.4,70","21,16"
584,1250.0,80.0,1000.0,250.0,37806,0.0,1.0,0.0,1.0,1250.0,154,"61,6",220,88,174,"69,6",131,"52,4","67,9",67.9,,"2,56"
585,1250.0,80.0,1000.0,250.0,37623,0.0,1.0,0.0,1.0,2500.0,172,"68,8",238,"95,2",147,"58,8",163,"65,2",72,72,,"6,25"
586,1250.0,80.0,1000.0,250.0,38113,0.0,1.0,0.0,1.0,3750.0,158,"63,2",224,"89,6",141,"56,4",157,"62,8",68,68,,"2,25"
587,1250.0,80.0,1000.0,250.0,37705,0.0,1.0,0.0,1.0,5000.0,167,"66,8",230,92,175,70,181,"72,4","75,3",75.3,,"33,64"
588,1250.0,80.0,1000.0,250.0,38422,0.0,1.0,0.0,1.0,6250.0,170,68,232,"92,8",137,"54,8",145,58,"68,4",68.4,,"1,21"
589,1250.0,80.0,1000.0,250.0,36954,0.0,1.0,0.0,1.0,7500.0,157,"62,8",209,"83,6",160,64,174,"69,6",70,70,"3,10115186","0,25"
575,1250.0,80.0,1000.0,250.0,"37868,28571",37868.28571,,,,,"163,8571429","65,54285714",226,"90,4","151,5714286","60,62857143","153,5714286","61,42857143","69,5",69.5,,
590,1250.0,80.0,1000.0,250.0,27122,1.0,1.0,0.0,0.0,0.0,176,"70,4",231,"92,4",124,"49,6",123,"49,2","65,4",65.4,"65.4,67.7,71.1,67.9,73.9,67.8,70","13,79591837"
591,1250.0,80.0,1000.0,250.0,26752,1.0,1.0,0.0,0.0,1250.0,154,"61,6",223,"89,2",171,"68,4",129,"51,6","67,7",67.7,,"2,000204082"
592,1250.0,80.0,1000.0,250.0,26680,1.0,1.0,0.0,0.0,2500.0,171,"68,4",239,"95,6",146,"58,4",155,62,"71,1",71.1,,"3,943061224"
593,1250.0,80.0,1000.0,250.0,27002,1.0,1.0,0.0,0.0,3750.0,159,"63,6",229,"91,6",137,"54,8",154,"61,6","67,9",67.9,,"1,474489796"
594,1250.0,80.0,1000.0,250.0,26645,1.0,1.0,0.0,0.0,5000.0,162,"64,8",233,"93,2",170,68,174,"69,6","73,9",73.9,,"22,90306122"
595,1250.0,80.0,1000.0,250.0,26637,1.0,1.0,0.0,0.0,6250.0,169,"67,6",233,"93,2",132,"52,8",144,"57,6","67,8",67.8,,"1,727346939"
596,1250.0,80.0,1000.0,250.0,26468,1.0,1.0,0.0,0.0,7500.0,161,"64,4",211,"84,4",157,"62,8",171,"68,4",70,70,"2,580934809","0,7844897959"
575,1250.0,80.0,1000.0,250.0,26758,26758,,,,,"164,5714286","65,82857143","228,4285714","91,37142857","148,1428571","59,25714286",150,60,"69,11428571",69.11428571,,
597,1250.0,80.0,1000.0,250.0,18652,1.0,1.0,0.0,1.0,0.0,172,"68,8",230,92,127,"50,8",117,"46,8","64,6",64.6,"64.6,67.6,70.7,68.1,73.4,68.1,69.8","18,49"
598,1250.0,80.0,1000.0,250.0,18442,1.0,1.0,0.0,1.0,1250.0,153,"61,2",220,88,172,"68,8",131,"52,4","67,6",67.6,,"1,69"
599,1250.0,80.0,1000.0,250.0,18335,1.0,1.0,0.0,1.0,2500.0,164,"65,6",238,"95,2",149,"59,6",156,"62,4","70,7",70.7,,"3,24"
600,1250.0,80.0,1000.0,250.0,18652,1.0,1.0,0.0,1.0,3750.0,162,"64,8",226,"90,4",137,"54,8",156,"62,4","68,1",68.1,,"0,64"
601,1250.0,80.0,1000.0,250.0,18341,1.0,1.0,0.0,1.0,5000.0,159,"63,6",232,"92,8",169,"67,6",174,"69,6","73,4",73.4,,"20,25"
602,1250.0,80.0,1000.0,250.0,18410,1.0,1.0,0.0,1.0,6250.0,168,"67,2",231,"92,4",134,"53,6",148,"59,2","68,1",68.1,,"0,64"
603,1250.0,80.0,1000.0,250.0,18183,1.0,1.0,0.0,1.0,7500.0,155,62,211,"84,4",164,"65,6",168,"67,2","69,8",69.8,"2,556783694","0,81"
575,1250.0,80.0,1000.0,250.0,"18430,71429",18430.71429,,,,,"161,8571429","64,74285714","226,8571429","90,74285714","150,2857143","60,11428571",150,60,"68,9",68.9,,
604,1500.0,80.0,1200.0,300.0,57528,0.0,1.0,0.0,0.0,0.0,198,66,276,92,177,59,180,60,"69,25",69.25,"69.25,69.66666667,70.83333333,71.16666667,67.5,71.25,69.94444444","0,4822530864"
605,1500.0,80.0,1200.0,300.0,57782,0.0,1.0,0.0,0.0,1500.0,197,"65,66666667",280,"93,33333333",187,"62,33333333",172,"57,33333333","69,66666667",69.66666667,,"0,07716049383"
606,1500.0,80.0,1200.0,300.0,56381,0.0,1.0,0.0,0.0,3000.0,207,69,268,"89,33333333",180,60,195,65,"70,83333333",70.83333333,,"0,7901234568"
607,1500.0,80.0,1200.0,300.0,56839,0.0,1.0,0.0,0.0,4500.0,201,67,267,89,186,62,200,"66,66666667","71,16666667",71.16666667,,"1,49382716"
608,1500.0,80.0,1200.0,300.0,56924,0.0,1.0,0.0,0.0,6000.0,202,"67,33333333",281,"93,66666667",152,"50,66666667",175,"58,33333333","67,5",67.5,,"5,975308642"
609,1500.0,80.0,1200.0,300.0,56215,0.0,1.0,0.0,0.0,7500.0,202,"67,33333333",276,92,172,"57,33333333",205,"68,33333333","71,25",71.25,"1,324333049","1,704475309"
575,1500.0,80.0,1200.0,300.0,"56944,83333",56944.83333,,,,,"201,1666667","67,05555556","274,6666667","91,55555556","175,6666667","58,55555556","187,8333333","62,61111111","69,94444444",69.94444444,,
610,1500.0,80.0,1200.0,300.0,42132,0.0,1.0,0.0,1.0,0.0,199,"66,33333333",277,"92,33333333",175,"58,33333333",177,59,69,69,"69,69.33333333,70.16666667,70.91666667,67.66666667,70.66666667,69.625","0,390625"
611,1500.0,80.0,1200.0,300.0,42350,0.0,1.0,0.0,1.0,1500.0,192,64,277,"92,33333333",193,"64,33333333",170,"56,66666667","69,33333333",69.33333333,,"0,08506944444"
612,1500.0,80.0,1200.0,300.0,41194,0.0,1.0,0.0,1.0,3000.0,206,"68,66666667",262,"87,33333333",178,"59,33333333",196,"65,33333333","70,16666667",70.16666667,,"0,2934027778"
613,1500.0,80.0,1200.0,300.0,41730,0.0,1.0,0.0,1.0,4500.0,199,"66,33333333",267,89,186,62,199,"66,33333333","70,91666667",70.91666667,,"1,668402778"
614,1500.0,80.0,1200.0,300.0,41873,0.0,1.0,0.0,1.0,6000.0,206,"68,66666667",276,92,153,51,177,59,"67,66666667",67.66666667,,"3,835069444"
615,1500.0,80.0,1200.0,300.0,41035,0.0,1.0,0.0,1.0,7500.0,200,"66,66666667",275,"91,66666667",173,"57,66666667",200,"66,66666667","70,66666667",70.66666667,"1,107372181","1,085069444"
575,1500.0,80.0,1200.0,300.0,41719,41719,,,,,"200,3333333","66,77777778","272,3333333","90,77777778","176,3333333","58,77777778","186,5","62,16666667","69,625",69.625,,
616,1500.0,80.0,1200.0,300.0,30051,1.0,1.0,0.0,0.0,0.0,193,"64,33333333",276,92,174,58,181,"60,33333333","68,66666667",68.66666667,"68.66666667,69.58333333,69.25,71.08333333,66.75,69.5,69.13888889","0,2229938272"
617,1500.0,80.0,1200.0,300.0,29892,1.0,1.0,0.0,0.0,1500.0,195,65,281,"93,66666667",184,"61,33333333",175,"58,33333333","69,58333333",69.58333333,,"0,1975308642"
618,1500.0,80.0,1200.0,300.0,29407,1.0,1.0,0.0,0.0,3000.0,198,66,266,"88,66666667",171,57,196,"65,33333333","69,25",69.25,,"0,01234567901"
619,1500.0,80.0,1200.0,300.0,29276,1.0,1.0,0.0,0.0,4500.0,201,67,264,88,187,"62,33333333",201,67,"71,08333333",71.08333333,,"3,780864198"
620,1500.0,80.0,1200.0,300.0,29143,1.0,1.0,0.0,0.0,6000.0,203,"67,66666667",279,93,146,"48,66666667",173,"57,66666667","66,75",66.75,,"5,706790123"
621,1500.0,80.0,1200.0,300.0,29151,1.0,1.0,0.0,0.0,7500.0,195,65,274,"91,33333333",172,"57,33333333",193,"64,33333333","69,5",69.5,"1,294277529","0,1304012346"
575,1500.0,80.0,1200.0,300.0,"29486,66667",29486.66667,,,,,"197,5","65,83333333","273,3333333","91,11111111","172,3333333","57,44444444","186,5","62,16666667","69,13888889",69.13888889,,
622,1500.0,80.0,1200.0,300.0,20698,1.0,1.0,0.0,1.0,0.0,198,66,272,"90,66666667",170,"56,66666667",170,"56,66666667","67,5",67.5,"67.5,68.33333333,70.08333333,69.91666667,66,69.33333333,68.52777778","1,05632716"
623,1500.0,80.0,1200.0,300.0,20603,1.0,1.0,0.0,1.0,1500.0,193,"64,33333333",275,"91,66666667",192,64,160,"53,33333333","68,33333333",68.33333333,,"0,03780864198"
624,1500.0,80.0,1200.0,300.0,20361,1.0,1.0,0.0,1.0,3000.0,203,"67,66666667",263,"87,66666667",181,"60,33333333",194,"64,66666667","70,08333333",70.08333333,,"2,419753086"
625,1500.0,80.0,1200.0,300.0,20284,1.0,1.0,0.0,1.0,4500.0,195,65,263,"87,66666667",184,"61,33333333",197,"65,66666667","69,91666667",69.91666667,,"1,929012346"
626,1500.0,80.0,1200.0,300.0,20080,1.0,1.0,0.0,1.0,6000.0,202,"67,33333333",276,92,145,"48,33333333",169,"56,33333333",66,66,,"6,389660494"
627,1500.0,80.0,1200.0,300.0,20071,1.0,1.0,0.0,1.0,7500.0,195,65,273,91,167,"55,66666667",197,"65,66666667","69,33333333",69.33333333,"1,44230611","0,6489197531"
575,1500.0,80.0,1200.0,300.0,"20349,5",20349.5,,,,,"197,6666667","65,88888889","270,3333333","90,11111111","173,1666667","57,72222222","181,1666667","60,38888889","68,52777778",68.52777778,,
628,1750.0,80.0,1400.0,350.0,61571,0.0,1.0,0.0,0.0,0.0,235,"67,14285714",316,"90,28571429",210,60,214,"61,14285714","69,64285714",69.64285714,"69.64285714,72.71428571,67.78571429,72.35714286,69.71428571,70.44285714,69.28571429","0,64"
629,1750.0,80.0,1400.0,350.0,61842,0.0,1.0,0.0,0.0,1750.0,224,64,322,92,237,"67,71428571",235,"67,14285714","72,71428571",72.71428571,,"5,159387755"
630,1750.0,80.0,1400.0,350.0,61591,0.0,1.0,0.0,0.0,3500.0,219,"62,57142857",313,"89,42857143",197,"56,28571429",220,"62,85714286","67,78571429",67.78571429,,"7,060408163"
631,1750.0,80.0,1400.0,350.0,61069,0.0,1.0,0.0,0.0,5250.0,230,"65,71428571",331,"94,57142857",229,"65,42857143",223,"63,71428571","72,35714286",72.35714286,,"3,664489796"
632,1750.0,80.0,1400.0,350.0,60490,0.0,1.0,0.0,0.0,7000.0,225,"64,28571429",308,88,204,"58,28571429",239,"68,28571429","69,71428571",69.71428571,"1,846894802","0,5308163265"
575,1750.0,80.0,1400.0,350.0,"61312,6",61312.6,,,,,"226,6","64,74285714",318,"90,85714286","215,4","61,54285714","226,2","64,62857143","70,44285714",70.44285714,,
633,1750.0,80.0,1400.0,350.0,45256,0.0,1.0,0.0,1.0,0.0,239,"68,28571429",311,"88,85714286",209,"59,71428571",211,"60,28571429","69,28571429",69.28571429,"69.28571429,72.21428571,67.5,71.28571429,69.5,69.95714286,68.85714286","0,4508163265"
634,1750.0,80.0,1400.0,350.0,45418,0.0,1.0,0.0,1.0,1750.0,222,"63,42857143",319,"91,14285714",238,68,232,"66,28571429","72,21428571",72.21428571,,"5,094693878"
635,1750.0,80.0,1400.0,350.0,45366,0.0,1.0,0.0,1.0,3500.0,220,"62,85714286",309,"88,28571429",196,56,220,"62,85714286","67,5",67.5,,"6,03755102"
636,1750.0,80.0,1400.0,350.0,44985,0.0,1.0,0.0,1.0,5250.0,223,"63,71428571",325,"92,85714286",227,"64,85714286",223,"63,71428571","71,28571429",71.28571429,,"1,765102041"
637,1750.0,80.0,1400.0,350.0,44405,0.0,1.0,0.0,1.0,7000.0,220,"62,85714286",304,"86,85714286",208,"59,42857143",241,"68,85714286","69,5",69.5,"1,646641604","0,2089795918"
575,1750.0,80.0,1400.0,350.0,45086,45086,,,,,"224,8","64,22857143","313,6","89,6","215,6","61,6","225,4","64,4","69,95714286",69.95714286,,
638,1750.0,80.0,1400.0,350.0,32228,1.0,1.0,0.0,0.0,0.0,236,"67,42857143",313,"89,42857143",208,"59,42857143",207,"59,14285714","68,85714286",68.85714286,"68.85714286,72.42857143,66.71428571,70.14285714,69.5,69.52857143,68","0,4508163265"
639,1750.0,80.0,1400.0,350.0,31952,1.0,1.0,0.0,0.0,1750.0,227,"64,85714286",324,"92,57142857",233,"66,57142857",230,"65,71428571","72,42857143",72.42857143,,"8,41"
640,1750.0,80.0,1400.0,350.0,32005,1.0,1.0,0.0,0.0,3500.0,215,"61,42857143",310,"88,57142857",193,"55,14285714",216,"61,71428571","66,71428571",66.71428571,,"7,920204082"
641,1750.0,80.0,1400.0,350.0,31646,1.0,1.0,0.0,0.0,5250.0,219,"62,57142857",325,"92,85714286",218,"62,28571429",220,"62,85714286","70,14285714",70.14285714,,"0,3773469388"
642,1750.0,80.0,1400.0,350.0,31375,1.0,1.0,0.0,0.0,7000.0,222,"63,42857143",306,"87,42857143",201,"57,42857143",244,"69,71428571","69,5",69.5,"1,852521723","0,0008163265306"
575,1750.0,80.0,1400.0,350.0,"31841,2",31841.2,,,,,"223,8","63,94285714","315,6","90,17142857","210,6","60,17142857","223,4","63,82857143","69,52857143",69.52857143,,
643,1750.0,80.0,1400.0,350.0,22249,1.0,1.0,0.0,1.0,0.0,237,"67,71428571",308,88,204,"58,28571429",203,58,68,68,"68,71.5,67.28571429,68.92857143,68.5,68.84285714,72.625","0,7104081633"
644,1750.0,80.0,1400.0,350.0,22067,1.0,1.0,0.0,1.0,1750.0,223,"63,71428571",322,92,232,"66,28571429",224,64,"71,5",71.5,,"7,060408163"
645,1750.0,80.0,1400.0,350.0,22156,1.0,1.0,0.0,1.0,3500.0,222,"63,42857143",304,"86,85714286",194,"55,42857143",222,"63,42857143","67,28571429",67.28571429,,"2,424693878"
646,1750.0,80.0,1400.0,350.0,21790,1.0,1.0,0.0,1.0,5250.0,214,"61,14285714",324,"92,57142857",220,"62,85714286",207,"59,14285714","68,92857143",68.92857143,,"0,007346938776"
647,1750.0,80.0,1400.0,350.0,21684,1.0,1.0,0.0,1.0,7000.0,220,"62,85714286",305,"87,14285714",196,56,238,68,"68,5",68.5,"1,43669121","0,1175510204"
575,1750.0,80.0,1400.0,350.0,"21989,2",21989.2,,,,,"223,2","63,77142857","312,6","89,31428571","209,2","59,77142857","218,8","62,51428571","68,84285714",68.84285714,,
648,2000.0,80.0,1600.0,400.0,65481,0.0,1.0,0.0,0.0,0.0,273,"68,25",364,91,249,"62,25",276,69,"72,625",72.625,"72.625,69.25,71.25,69.375,70.625,71.8125,69.3125",4
649,2000.0,80.0,1600.0,400.0,65964,0.0,1.0,0.0,0.0,2000.0,272,68,364,91,232,58,240,60,"69,25",69.25,,"1,890625"
650,2000.0,80.0,1600.0,400.0,65022,0.0,1.0,0.0,0.0,4000.0,274,"68,5",362,"90,5",239,"59,75",265,"66,25","71,25",71.25,,"0,390625"
651,2000.0,80.0,1600.0,400.0,65278,0.0,1.0,0.0,0.0,6000.0,263,"65,75",369,"92,25",223,"55,75",255,"63,75","69,375",69.375,"1,400334781","1,5625"
575,2000.0,80.0,1600.0,400.0,"65436,25",65436.25,,,,,"270,5","67,625","364,75","91,1875","235,75","58,9375",259,"64,75","70,625",70.625,,
652,2000.0,80.0,1600.0,400.0,48281,0.0,1.0,0.0,1.0,0.0,271,"67,75",361,"90,25",246,"61,5",271,"67,75","71,8125",71.8125,"71.8125,69.3125,70.75,68.375,70.0625,71.9375,68.4375","3,0625"
653,2000.0,80.0,1600.0,400.0,48672,0.0,1.0,0.0,1.0,2000.0,267,"66,75",365,"91,25",233,"58,25",244,61,"69,3125",69.3125,,"0,5625"
654,2000.0,80.0,1600.0,400.0,48110,0.0,1.0,0.0,1.0,4000.0,268,67,358,"89,5",242,"60,5",264,66,"70,75",70.75,,"0,47265625"
655,2000.0,80.0,1600.0,400.0,48354,0.0,1.0,0.0,1.0,6000.0,258,"64,5",364,91,220,55,252,63,"68,375",68.375,"1,31769804","2,84765625"
575,2000.0,80.0,1600.0,400.0,"48354,25",48354.25,,,,,266,"66,5",362,"90,5","235,25","58,8125","257,75","64,4375","70,0625",70.0625,,
656,2000.0,80.0,1600.0,400.0,34480,1.0,1.0,0.0,0.0,0.0,269,"67,25",362,"90,5",250,"62,5",270,"67,5","71,9375",71.9375,"71.9375,68.4375,70.5625,68.4375,69.84375,70.25,68.125","4,383789063"
657,2000.0,80.0,1600.0,400.0,34372,1.0,1.0,0.0,0.0,2000.0,270,"67,5",363,"90,75",227,"56,75",235,"58,75","68,4375",68.4375,,"1,977539063"
658,2000.0,80.0,1600.0,400.0,34063,1.0,1.0,0.0,0.0,4000.0,268,67,358,"89,5",240,60,263,"65,75","70,5625",70.5625,,"0,5166015625"
659,2000.0,80.0,1600.0,400.0,33586,1.0,1.0,0.0,0.0,6000.0,262,"65,5",370,"92,5",215,"53,75",248,62,"68,4375",68.4375,"1,487906982","1,977539063"
575,2000.0,80.0,1600.0,400.0,"34125,25",34125.25,,,,,"267,25","66,8125","363,25","90,8125",233,"58,25",254,"63,5","69,84375",69.84375,,
660,2000.0,80.0,1600.0,400.0,23841,1.0,1.0,0.0,1.0,0.0,267,"66,75",353,"88,25",251,"62,75",253,"63,25","70,25",70.25,"70.25,68.125,69.875,68,69.0625","1,41015625"
661,2000.0,80.0,1600.0,400.0,23851,1.0,1.0,0.0,1.0,2000.0,268,67,363,"90,75",231,"57,75",228,57,"68,125",68.125,,"0,87890625"
662,2000.0,80.0,1600.0,400.0,23649,1.0,1.0,0.0,1.0,4000.0,271,"67,75",354,"88,5",234,"58,5",259,"64,75","69,875",69.875,,"0,66015625"
663,2000.0,80.0,1600.0,400.0,23323,1.0,1.0,0.0,1.0,6000.0,256,64,361,"90,25",224,56,247,"61,75",68,68,"1,009718401","1,12890625"
575,2000.0,80.0,1600.0,400.0,23666,23666,,,,,"265,5","66,375","357,75","89,4375",235,"58,75","246,75","61,6875","69,0625",69.0625,,